white,black,white_sum,black_sum,verdict,plies,nodes,ms
1222,11124,7,9,black,12,176605,485
1222,11125,7,10,black,12,176605,388
1222,11126,7,11,black,12,176605,321
1222,11135,7,11,black,10,108660,251
1222,11136,7,12,black,10,108660,189
1222,11146,7,13,black,10,108660,155
1222,11235,7,12,black,10,105338,223
1222,11236,7,13,black,10,105338,336
1222,11244,7,12,black,10,77673,184
1222,11246,7,14,black,10,105338,159
1222,11255,7,14,black,10,77673,272
1222,11266,7,16,black,10,77673,190
1222,11346,7,15,black,10,142566,371
1222,11355,7,15,black,10,107126,235
1222,11356,7,16,black,10,142566,241
1222,11366,7,17,black,10,107126,168
1222,11466,7,18,black,10,107126,201
1222,12235,7,13,black,10,82186,152
1222,12236,7,14,black,10,82186,56
1222,12246,7,15,black,10,82186,182
1222,12346,7,16,black,10,108103,339
1222,12355,7,16,black,10,77322,118
1222,12366,7,18,black,10,77322,176
1222,12466,7,19,black,10,77322,145
1222,13346,7,17,black,10,109620,211
1222,13466,7,20,black,10,101712,331
1222,22235,7,14,black,10,27142,22
1222,22236,7,15,black,10,27142,71
1222,22246,7,16,black,10,27142,20
1222,22346,7,17,black,10,37414,40
1222,22355,7,17,black,10,28421,44
1222,22366,7,19,black,10,28421,174
1222,22466,7,20,black,10,28421,48
1222,23346,7,18,black,10,37727,99
1222,23466,7,21,black,10,38043,26
1222,33346,7,19,black,10,35253,53
1222,33466,7,22,black,10,37650,60
1223,11124,8,9,black,20,4252979,5293
1223,11125,8,10,black,20,4252979,5198
1223,11126,8,11,black,20,4252979,5204
1223,11135,8,11,black,10,226741,347
1223,11136,8,12,black,10,226741,333
1223,11146,8,13,black,10,254832,297
1223,11235,8,12,black,10,373205,351
1223,11236,8,13,black,10,373205,613
1223,11244,8,12,black,10,295377,292
1223,11246,8,14,black,10,353392,330
1223,11255,8,14,black,10,295377,481
1223,11266,8,16,black,10,295377,463
1223,11346,8,15,black,10,312008,510
1223,11355,8,15,black,10,245324,410
1223,11356,8,16,black,10,312008,438
1223,11366,8,17,black,10,245324,412
1223,11466,8,18,black,10,252975,374
1223,12235,8,13,black,10,349551,460
1223,12236,8,14,black,10,349551,476
1223,12246,8,15,black,10,332753,413
1223,12346,8,16,black,10,419439,408
1223,12355,8,16,black,10,318738,419
1223,12366,8,18,black,10,318738,531
1223,12466,8,19,black,10,305916,411
1223,13346,8,17,black,10,243764,353
1223,13466,8,20,black,10,217811,266
1223,22235,8,14,black,10,177934,421
1223,22236,8,15,black,10,177934,262
1223,22246,8,16,black,10,170396,380
1223,22346,8,17,black,10,236527,331
1223,22355,8,17,black,10,184511,284
1223,22366,8,19,black,10,184511,276
1223,22466,8,20,black,10,176186,297
1223,23346,8,18,black,10,190251,269
1223,23466,8,21,black,10,174532,309
1223,33346,8,19,black,10,80131,168
1223,33466,8,22,black,10,84042,309
1224,11124,9,9,white,7,30146,35
1224,11125,9,10,black,20,4252979,5034
1224,11126,9,11,black,20,4252979,4927
1224,11135,9,11,black,14,1288994,1630
1224,11136,9,12,black,14,1288994,1421
1224,11146,9,13,black,10,226741,426
1224,11235,9,12,black,12,927713,1596
1224,11236,9,13,black,12,927713,1090
1224,11244,9,12,black,12,776039,932
1224,11246,9,14,black,10,373205,480
1224,11255,9,14,black,10,295377,432
1224,11266,9,16,black,10,295377,342
1224,11346,9,15,black,10,368548,419
1224,11355,9,15,black,10,296738,832
1224,11356,9,16,black,10,372484,443
1224,11366,9,17,black,10,296738,388
1224,11466,9,18,black,10,245324,298
1224,12235,9,13,black,12,779948,1016
1224,12236,9,14,black,12,779948,899
1224,12246,9,15,black,10,349551,872
1224,12346,9,16,black,10,507247,484
1224,12355,9,16,black,10,380055,381
1224,12366,9,18,black,10,380055,447
1224,12466,9,19,black,10,318738,531
1224,13346,9,17,black,10,365228,505
1224,13466,9,20,black,10,319546,638
1224,22235,9,14,black,12,330535,527
1224,22236,9,15,black,12,330535,458
1224,22246,9,16,black,10,177934,273
1224,22346,9,17,black,10,295096,462
1224,22355,9,17,black,10,226287,306
1224,22366,9,19,black,10,226287,1666
1224,22466,9,20,black,10,184511,275
1224,23346,9,18,black,10,303004,381
1224,23466,9,21,black,10,264605,472
1224,33346,9,19,black,10,189488,318
1224,33466,9,22,black,10,193553,321
1225,11124,10,9,white,7,30131,43
1225,11125,10,10,white,7,30146,68
1225,11126,10,11,black,20,4252979,4964
1225,11135,10,11,white,7,29799,84
1225,11136,10,12,black,14,1288994,1449
1225,11146,10,13,black,14,1288994,1691
1225,11235,10,12,black,14,2083824,2138
1225,11236,10,13,black,12,927713,1206
1225,11244,10,12,white,9,77648,120
1225,11246,10,14,black,12,927713,1178
1225,11255,10,14,black,12,776039,959
1225,11266,10,16,black,10,295377,404
1225,11346,10,15,black,12,915244,1181
1225,11355,10,15,black,12,737986,755
1225,11356,10,16,black,10,368548,419
1225,11366,10,17,black,10,296738,445
1225,11466,10,18,black,10,296738,536
1225,12235,10,13,black,12,787310,757
1225,12236,10,14,black,12,779948,861
1225,12246,10,15,black,12,779948,1133
1225,12346,10,16,black,12,1089626,958
1225,12355,10,16,black,10,425411,614
1225,12366,10,18,black,10,380055,603
1225,12466,10,19,black,10,380055,483
1225,13346,10,17,black,12,780396,1017
1225,13466,10,20,black,10,372822,674
1225,22235,10,14,black,12,346220,393
1225,22236,10,15,black,12,330535,482
1225,22246,10,16,black,12,330535,453
1225,22346,10,17,black,12,523400,671
1225,22355,10,17,black,10,248708,511
1225,22366,10,19,black,10,226287,294
1225,22466,10,20,black,10,226287,317
1225,23346,10,18,black,12,516808,648
1225,23466,10,21,black,10,314222,429
1225,33346,10,19,black,12,327304,611
1225,33466,10,22,black,10,231753,257
1234,11124,10,9,white,7,52470,59
1234,11125,10,10,white,13,1017894,1196
1234,11126,10,11,white,13,1017894,1347
1234,11135,10,11,black,20,10833388,11854
1234,11136,10,12,black,20,10833388,12864
1234,11146,10,13,black,10,398020,450
1234,11235,10,12,black,14,3636387,5003
1234,11236,10,13,black,14,3636387,4513
1234,11244,10,12,black,16,4475058,7414
1234,11246,10,14,black,10,672356,604
1234,11255,10,14,black,10,687259,862
1234,11266,10,16,black,10,687259,1500
1234,11346,10,15,black,10,677824,919
1234,11355,10,15,black,10,538933,774
1234,11356,10,16,black,10,644624,882
1234,11366,10,17,black,10,538933,1288
1234,11466,10,18,black,10,442574,938
1234,12235,10,13,black,14,3275207,4546
1234,12236,10,14,black,14,3275207,5175
1234,12246,10,15,black,10,645196,1014
1234,12346,10,16,black,10,969394,1093
1234,12355,10,16,black,10,762852,723
1234,12366,10,18,black,10,762852,649
1234,12466,10,19,black,10,610424,624
1234,13346,10,17,black,10,649217,857
1234,13466,10,20,black,10,592518,565
1234,22235,10,14,black,14,1816999,2014
1234,22236,10,15,black,14,1816999,2032
1234,22246,10,16,black,10,398997,519
1234,22346,10,17,black,10,657859,2361
1234,22355,10,17,black,10,525861,537
1234,22366,10,19,black,10,525861,564
1234,22466,10,20,black,10,421771,520
1234,23346,10,18,black,10,619220,1011
1234,23466,10,21,black,10,572022,912
1234,33346,10,19,black,10,338685,699
1234,33466,10,22,black,10,357146,601
1235,11124,11,9,white,7,52488,103
1235,11125,11,10,white,7,52470,56
1235,11126,11,11,white,13,1017894,1068
1235,11135,11,11,white,7,50859,70
1235,11136,11,12,black,20,10833388,15126
1235,11146,11,13,black,14,2295100,2905
1235,11235,11,12,white,9,290325,497
1235,11236,11,13,black,14,3636387,6541
1235,11244,11,12,white,9,130131,370
1235,11246,11,14,black,12,1927956,3188
1235,11255,11,14,black,16,4475058,5716
1235,11266,11,16,black,10,687259,1424
1235,11346,11,15,black,12,1692570,2196
1235,11355,11,15,black,12,1454839,2381
1235,11356,11,16,black,10,677824,785
1235,11366,11,17,black,10,538933,907
1235,11466,11,18,black,10,520535,760
1235,12235,11,13,white,9,284769,645
1235,12236,11,14,black,14,3275207,4534
1235,12246,11,15,black,12,1802526,2779
1235,12346,11,16,black,12,2404374,3012
1235,12355,11,16,black,12,2034837,2779
1235,12366,11,18,black,10,762852,828
1235,12466,11,19,black,10,746449,1482
1235,13346,11,17,black,12,1451600,2022
1235,13466,11,20,black,10,687959,1168
1235,22235,11,14,white,9,194372,277
1235,22236,11,15,black,14,1816999,3145
1235,22246,11,16,black,12,1025430,1893
1235,22346,11,17,black,12,1525327,2209
1235,22355,11,17,black,12,1319236,2056
1235,22366,11,19,black,10,525861,941
1235,22466,11,20,black,10,515967,944
1235,23346,11,18,black,12,1314290,1660
1235,23466,11,21,black,10,667140,1137
1235,33346,11,19,black,12,616415,1209
1235,33466,11,22,black,10,430482,887
1245,11124,12,9,white,7,36195,84
1245,11125,12,10,white,7,52470,87
1245,11126,12,11,white,13,1017894,1918
1245,11135,12,11,white,7,52386,113
1245,11136,12,12,white,13,1262479,2978
1245,11146,12,13,black,20,10833388,14953
1245,11235,12,12,white,7,73858,140
1245,11236,12,13,white,13,2302866,3720
1245,11244,12,12,white,7,39106,69
1245,11246,12,14,black,14,3636387,5194
1245,11255,12,14,black,16,4475058,7434
1245,11266,12,16,black,10,687259,1734
1245,11346,12,15,black,14,4085968,5042
1245,11355,12,15,black,16,4909270,6449
1245,11356,12,16,black,10,701450,848
1245,11366,12,17,black,10,695516,1203
1245,11466,12,18,black,10,538933,714
1245,12235,12,13,white,7,74976,121
1245,12236,12,14,white,13,2196293,2495
1245,12246,12,15,black,14,3275207,3715
1245,12346,12,16,black,14,5501933,5524
1245,12355,12,16,black,14,4431268,5481
1245,12366,12,18,black,10,954441,934
1245,12466,12,19,black,10,762852,988
1245,13346,12,17,black,14,3982014,4572
1245,13466,12,20,black,10,781060,1063
1245,22235,12,14,white,7,54263,72
1245,22236,12,15,white,13,1259649,1553
1245,22246,12,16,black,14,1816999,2122
1245,22346,12,17,black,14,3367837,3584
1245,22355,12,17,black,14,2732019,2856
1245,22366,12,19,black,10,662838,730
1245,22466,12,20,black,10,525861,1036
1245,23346,12,18,black,14,3370752,3626
1245,23466,12,21,black,10,766498,804
1245,33346,12,19,black,14,2265667,2951
1245,33466,12,22,black,10,561230,595
1246,11124,13,9,white,7,36195,45
1246,11125,13,10,white,7,52488,60
1246,11126,13,11,white,7,52470,85
1246,11135,13,11,white,7,53114,56
1246,11136,13,12,white,7,52386,56
1246,11146,13,13,white,7,50859,64
1246,11235,13,12,white,7,74159,82
1246,11236,13,13,white,7,73858,119
1246,11244,13,12,white,7,39106,45
1246,11246,13,14,white,9,290325,435
1246,11255,13,14,white,9,130131,238
1246,11266,13,16,black,16,4475058,4740
1246,11346,13,15,white,9,304454,644
1246,11355,13,15,white,9,131977,306
1246,11356,13,16,black,18,14945249,17159
1246,11366,13,17,black,16,4909270,6964
1246,11466,13,18,black,12,1454839,2538
1246,12235,13,13,white,7,75838,165
1246,12236,13,14,white,7,74976,179
1246,12246,13,15,white,9,284769,557
1246,12346,13,16,white,9,414410,1041
1246,12355,13,16,white,9,180475,223
1246,12366,13,18,black,14,4431268,5578
1246,12466,13,19,black,12,2034837,2910
1246,13346,13,17,white,9,317779,326
1246,13466,13,20,black,12,2130257,2977
1246,22235,13,14,white,7,55185,120
1246,22236,13,15,white,7,54263,308
1246,22246,13,16,white,9,194372,638
1246,22346,13,17,white,9,305781,655
1246,22355,13,17,white,9,133290,284
1246,22366,13,19,black,14,2732019,3568
1246,22466,13,20,black,12,1319236,1701
1246,23346,13,18,white,9,310561,1267
1246,23466,13,21,black,12,2020388,3048
1246,33346,13,19,white,9,223214,414
1246,33466,13,22,black,12,1483153,1496
1333,11124,10,9,white,13,269810,821
1333,11125,10,10,white,13,269810,521
1333,11126,10,11,white,13,269810,1208
1333,11135,10,11,black,12,176605,607
1333,11136,10,12,black,12,176605,487
1333,11146,10,13,black,10,108660,291
1333,11235,10,12,black,10,147838,369
1333,11236,10,13,black,10,147838,744
1333,11244,10,12,black,10,157377,266
1333,11246,10,14,black,10,193477,376
1333,11255,10,14,black,10,157377,433
1333,11266,10,16,black,10,157377,204
1333,11346,10,15,black,10,105338,273
1333,11355,10,15,black,10,77673,183
1333,11356,10,16,black,10,105338,323
1333,11366,10,17,black,10,77673,260
1333,11466,10,18,black,10,107126,266
1333,12235,10,13,black,10,150081,423
1333,12236,10,14,black,10,150081,496
1333,12246,10,15,black,10,191778,434
1333,12346,10,16,black,10,177600,363
1333,12355,10,16,black,10,125012,306
1333,12366,10,18,black,10,125012,264
1333,12466,10,19,black,10,166841,339
1333,13346,10,17,black,10,82186,268
1333,13466,10,20,black,10,77322,145
1333,22235,10,14,black,10,90353,169
1333,22236,10,15,black,10,90353,132
1333,22246,10,16,black,10,120405,262
1333,22346,10,17,black,10,118660,281
1333,22355,10,17,black,10,86422,365
1333,22366,10,19,black,10,86422,206
1333,22466,10,20,black,10,119115,293
1333,23346,10,18,black,10,86569,157
1333,23466,10,21,black,10,82142,170
1333,33346,10,19,black,10,27142,63
1333,33466,10,22,black,10,28421,46
1334,11124,11,9,white,7,31232,69
1334,11125,11,10,white,13,580556,979
1334,11126,11,11,white,13,580556,1113
1334,11135,11,11,black,20,4252979,6673
1334,11136,11,12,black,20,4252979,7185
1334,11146,11,13,black,10,226741,522
1334,11235,11,12,black,16,3361652,5330
1334,11236,11,13,black,16,3361652,4746
1334,11244,11,12,white,7,34819,106
1334,11246,11,14,black,10,377104,658
1334,11255,11,14,black,10,365623,1572
1334,11266,11,16,black,10,365623,664
1334,11346,11,15,black,10,373205,818
1334,11355,11,15,black,10,295377,698
1334,11356,11,16,black,10,353392,528
1334,11366,11,17,black,10,295377,475
1334,11466,11,18,black,10,245324,400
1334,12235,11,13,black,16,3555434,5567
1334,12236,11,14,black,16,3555434,6360
1334,12246,11,15,black,10,375006,726
1334,12346,11,16,black,10,560645,657
1334,12355,11,16,black,10,433495,625
1334,12366,11,18,black,10,433495,456
1334,12466,11,19,black,10,365222,618
1334,13346,11,17,black,10,349551,892
1334,13466,11,20,black,10,318738,522
1334,22235,11,14,black,16,2400173,3810
1334,22236,11,15,black,16,2400173,3660
1334,22246,11,16,black,10,252137,565
1334,22346,11,17,black,10,413480,820
1334,22355,11,17,black,10,326453,785
1334,22366,11,19,black,10,326453,704
1334,22466,11,20,black,10,271026,776
1334,23346,11,18,black,10,365840,665
1334,23466,11,21,black,10,338704,761
1334,33346,11,19,black,10,177934,1211
1334,33466,11,22,black,10,184511,400
1335,11124,12,9,white,7,31514,40
1335,11125,12,10,white,7,31232,40
1335,11126,12,11,white,13,580556,847
1335,11135,12,11,white,7,30146,39
1335,11136,12,12,black,20,4252979,6309
1335,11146,12,13,black,14,1288994,2041
1335,11235,12,12,white,7,43454,53
1335,11236,12,13,black,16,3361652,5071
1335,11244,12,12,white,7,34495,85
1335,11246,12,14,black,14,2947065,4210
1335,11255,12,14,white,7,34819,81
1335,11266,12,16,black,10,365623,705
1335,11346,12,15,black,12,927713,1721
1335,11355,12,15,black,12,776039,1184
1335,11356,12,16,black,10,373205,1076
1335,11366,12,17,black,10,295377,547
1335,11466,12,18,black,10,296738,498
1335,12235,12,13,white,7,44480,599
1335,12236,12,14,black,16,3555434,4662
1335,12246,12,15,black,14,3015933,4071
1335,12346,12,16,black,12,1496749,2369
1335,12355,12,16,black,12,1221154,1744
1335,12366,12,18,black,10,433495,843
1335,12466,12,19,black,10,446616,758
1335,13346,12,17,black,12,779948,1038
1335,13466,12,20,black,10,380055,381
1335,22235,12,14,white,7,31439,44
1335,22236,12,15,black,16,2400173,3569
1335,22246,12,16,black,14,1964475,3065
1335,22346,12,17,black,12,1115432,1872
1335,22355,12,17,black,12,915914,2440
1335,22366,12,19,black,10,326453,992
1335,22466,12,20,black,10,329470,575
1335,23346,12,18,black,12,852377,1733
1335,23466,12,21,black,10,401050,648
1335,33346,12,19,black,12,330535,516
1335,33466,12,22,black,10,226287,390
1345,11124,13,9,white,7,36292,76
1345,11125,13,10,white,7,52833,81
1345,11126,13,11,white,13,985683,1502
1345,11135,13,11,white,7,52470,65
1345,11136,13,12,white,13,1017894,1847
1345,11146,13,13,black,20,10833388,16917
1345,11235,13,12,white,7,73058,140
1345,11236,13,13,white,13,1781767,2781
1345,11244,13,12,white,7,39313,83
1345,11246,13,14,black,16,7625943,11297
1345,11255,13,14,white,7,57693,101
1345,11266,13,16,black,10,637371,1087
1345,11346,13,15,black,14,3636387,5214
1345,11355,13,15,black,16,4475058,7468
1345,11356,13,16,black,10,672356,1109
1345,11366,13,17,black,10,687259,1035
1345,11466,13,18,black,10,538933,802
1345,12235,13,13,white,7,74682,177
1345,12236,13,14,white,13,1819197,3113
1345,12246,13,15,black,16,8146836,11722
1345,12346,13,16,black,14,5760201,8651
1345,12355,13,16,black,14,4984583,7419
1345,12366,13,18,black,10,966540,1361
1345,12466,13,19,black,10,787287,1097
1345,13346,13,17,black,14,3275207,5166
1345,13466,13,20,black,10,762852,837
1345,22235,13,14,white,7,55584,63
1345,22236,13,15,white,13,1328293,2081
1345,22246,13,16,black,16,5477157,7662
1345,22346,13,17,black,14,4593513,6629
1345,22355,13,17,black,14,3733182,5643
1345,22366,13,19,black,10,749158,977
1345,22466,13,20,black,10,596254,976
1345,23346,13,18,black,14,3698639,6088
1345,23466,13,21,black,10,809022,1416
1345,33346,13,19,black,14,1816999,3417
1345,33466,13,22,black,10,525861,1270
1444,11124,13,9,white,7,12494,19
1444,11125,13,10,white,13,269810,683
1444,11126,13,11,white,13,269810,596
1444,11135,13,11,white,13,269810,655
1444,11136,13,12,white,13,269810,603
1444,11146,13,13,black,12,176605,426
1444,11235,13,12,white,13,517469,853
1444,11236,13,13,white,13,517469,1012
1444,11244,13,12,white,7,14246,27
1444,11246,13,14,black,10,147838,448
1444,11255,13,14,black,10,157377,373
1444,11266,13,16,black,10,157377,412
1444,11346,13,15,black,10,147838,538
1444,11355,13,15,black,10,157377,411
1444,11356,13,16,black,10,193477,584
1444,11366,13,17,black,10,157377,447
1444,11466,13,18,black,10,77673,310
1444,12235,13,13,white,13,536610,1050
1444,12236,13,14,white,13,536610,1093
1444,12246,13,15,black,10,150081,412
1444,12346,13,16,black,10,234975,336
1444,12355,13,16,black,10,233520,373
1444,12366,13,18,black,10,233520,447
1444,12466,13,19,black,10,125012,186
1444,13346,13,17,black,10,150081,212
1444,13466,13,20,black,10,125012,300
1444,22235,13,14,white,13,333739,694
1444,22236,13,15,white,13,333739,682
1444,22246,13,16,black,10,90353,157
1444,22346,13,17,black,10,163192,385
1444,22355,13,17,black,10,170002,416
1444,22366,13,19,black,10,170002,314
1444,22466,13,20,black,10,86422,145
1444,23346,13,18,black,10,155097,320
1444,23466,13,21,black,10,134016,230
1444,33346,13,19,black,10,90353,154
1444,33466,13,22,black,10,86422,72
1445,11124,14,9,white,7,17339,22
1445,11125,14,10,white,7,31232,41
1445,11126,14,11,white,13,580556,614
1445,11135,14,11,white,7,31232,45
1445,11136,14,12,white,13,580556,901
1445,11146,14,13,black,20,4252979,3703
1445,11235,14,12,white,7,45017,58
1445,11236,14,13,white,13,1032379,1074
1445,11244,14,12,white,7,18648,23
1445,11246,14,14,black,16,3361652,3372
1445,11255,14,14,white,7,34819,52
1445,11266,14,16,black,10,365623,367
1445,11346,14,15,black,16,3361652,3284
1445,11355,14,15,white,7,34819,64
1445,11356,14,16,black,10,377104,458
1445,11366,14,17,black,10,365623,363
1445,11466,14,18,black,10,295377,399
1445,12235,14,13,white,7,46020,81
1445,12236,14,14,white,13,1068512,942
1445,12246,14,15,black,16,3555434,3310
1445,12346,14,16,black,16,5585617,4852
1445,12355,14,16,white,7,47040,54
1445,12366,14,18,black,10,522398,577
1445,12466,14,19,black,10,433495,413
1445,13346,14,17,black,16,3555434,3043
1445,13466,14,20,black,10,433495,461
1445,22235,14,14,white,7,32552,38
1445,22236,14,15,white,13,729164,833
1445,22246,14,16,black,16,2400173,2253
1445,22346,14,17,black,16,4453742,3711
1445,22355,14,17,white,7,35773,44
1445,22366,14,19,black,10,397271,497
1445,22466,14,20,black,10,326453,444
1445,23346,14,18,black,16,3959773,3670
1445,23466,14,21,black,10,459142,608
1445,33346,14,19,black,16,2400173,2318
1445,33466,14,22,black,10,326453,395
1555,11124,16,9,white,7,10840,15
1555,11125,16,10,white,7,12494,17
1555,11126,16,11,white,13,269810,331
1555,11135,16,11,white,7,12494,16
1555,11136,16,12,white,13,269810,461
1555,11146,16,13,white,13,269810,317
1555,11235,16,12,white,7,19767,28
1555,11236,16,13,white,13,517469,710
1555,11244,16,12,white,7,12056,15
1555,11246,16,14,white,13,517469,632
1555,11255,16,14,white,7,14246,18
1555,11266,16,16,black,10,157377,183
1555,11346,16,15,white,13,517469,622
1555,11355,16,15,white,7,14246,18
1555,11356,16,16,black,10,147838,175
1555,11366,16,17,black,10,157377,213
1555,11466,16,18,black,10,157377,187
1555,12235,16,13,white,7,20111,32
1555,12236,16,14,white,13,536610,940
1555,12246,16,15,white,13,536610,706
1555,12346,16,16,white,13,826269,974
1555,12355,16,16,white,7,20596,25
1555,12366,16,18,black,10,233520,258
1555,12466,16,19,black,10,233520,267
1555,13346,16,17,white,13,536610,573
1555,13466,16,20,black,10,233520,236
1555,22235,16,14,white,7,12893,15
1555,22236,16,15,white,13,333739,373
1555,22246,16,16,white,13,333739,390
1555,22346,16,17,white,13,601152,738
1555,22355,16,17,white,7,14493,18
1555,22366,16,19,black,10,170002,224
1555,22466,16,20,black,10,170002,259
1555,23346,16,18,white,13,563606,642
1555,23466,16,21,black,10,243390,269
1555,33346,16,19,white,13,333739,560
1555,33466,16,22,black,10,170002,202
1666,11124,19,9,white,7,10840,14
1666,11125,19,10,white,7,10840,14
1666,11126,19,11,white,7,12494,19
1666,11135,19,11,white,7,10840,14
1666,11136,19,12,white,7,12494,24
1666,11146,19,13,white,7,12494,7
1666,11235,19,12,white,7,17598,10
1666,11236,19,13,white,7,19767,37
1666,11244,19,12,white,7,12056,15
1666,11246,19,14,white,7,19767,27
1666,11255,19,14,white,7,12056,14
1666,11266,19,16,white,7,14246,16
1666,11346,19,15,white,7,19767,26
1666,11355,19,15,white,7,12056,44
1666,11356,19,16,white,7,19767,11
1666,11366,19,17,white,7,14246,8
1666,11466,19,18,white,7,14246,7
1666,12235,19,13,white,7,18265,23
1666,12236,19,14,white,7,20111,26
1666,12246,19,15,white,7,20111,50
1666,12346,19,16,white,7,28837,39
1666,12355,19,16,white,7,17616,22
1666,12366,19,18,white,7,20596,24
1666,12466,19,19,white,7,20596,27
1666,13346,19,17,white,7,20111,24
1666,13466,19,20,white,7,20596,24
1666,22235,19,14,white,7,11595,7
1666,22236,19,15,white,7,12893,9
1666,22246,19,16,white,7,12893,15
1666,22346,19,17,white,7,20197,25
1666,22355,19,17,white,7,12695,15
1666,22366,19,19,white,7,14493,18
1666,22466,19,20,white,7,14493,8
1666,23346,19,18,white,7,20519,12
1666,23466,19,21,white,7,20919,12
1666,33346,19,19,white,7,12893,7
1666,33466,19,22,white,7,14493,20
2223,11124,9,9,draw,27,8857664,8498
2223,11125,9,10,draw,27,8857664,8940
2223,11126,9,11,draw,27,8857664,10517
2223,11135,9,11,black,10,112597,242
2223,11136,9,12,black,10,112597,192
2223,11146,9,13,black,10,115752,631
2223,11235,9,12,black,10,196462,358
2223,11236,9,13,black,10,196462,371
2223,11244,9,12,black,10,155285,360
2223,11246,9,14,black,10,186927,353
2223,11255,9,14,black,10,155285,381
2223,11266,9,16,black,10,155285,325
2223,11346,9,15,black,10,165448,297
2223,11355,9,15,black,10,125911,380
2223,11356,9,16,black,10,165448,330
2223,11366,9,17,black,10,125911,169
2223,11466,9,18,black,10,129267,302
2223,12235,9,13,black,10,167012,886
2223,12236,9,14,black,10,167012,361
2223,12246,9,15,black,10,160133,230
2223,12346,9,16,black,10,205313,381
2223,12355,9,16,black,10,151259,319
2223,12366,9,18,black,10,151259,268
2223,12466,9,19,black,10,148984,189
2223,13346,9,17,black,10,125146,183
2223,13466,9,20,black,10,110397,673
2223,22235,9,14,black,10,71688,167
2223,22236,9,15,black,10,71688,154
2223,22246,9,16,black,10,68140,135
2223,22346,9,17,black,10,95204,155
2223,22355,9,17,black,10,71839,128
2223,22366,9,19,black,10,71839,107
2223,22466,9,20,black,10,70207,277
2223,23346,9,18,black,10,79586,210
2223,23466,9,21,black,10,73348,177
2223,33346,9,19,black,10,34804,105
2223,33466,9,22,black,10,36891,72
2224,11124,10,9,white,7,14916,18
2224,11125,10,10,draw,27,8857664,10039
2224,11126,10,11,draw,27,8857664,9387
2224,11135,10,11,black,14,777711,1761
2224,11136,10,12,black,14,777711,1097
2224,11146,10,13,black,10,112597,392
2224,11235,10,12,black,12,498430,692
2224,11236,10,13,black,12,498430,835
2224,11244,10,12,black,12,365579,665
2224,11246,10,14,black,10,196462,471
2224,11255,10,14,black,10,155285,268
2224,11266,10,16,black,10,155285,334
2224,11346,10,15,black,10,206269,290
2224,11355,10,15,black,10,165501,201
2224,11356,10,16,black,10,209457,423
2224,11366,10,17,black,10,165501,238
2224,11466,10,18,black,10,125911,383
2224,12235,10,13,black,12,371719,752
2224,12236,10,14,black,12,371719,676
2224,12246,10,15,black,10,167012,353
2224,12346,10,16,black,10,258596,567
2224,12355,10,16,black,10,196526,1073
2224,12366,10,18,black,10,196526,354
2224,12466,10,19,black,10,151259,440
2224,13346,10,17,black,10,193657,410
2224,13466,10,20,black,10,163299,267
2224,22235,10,14,black,12,133309,468
2224,22236,10,15,black,12,133309,289
2224,22246,10,16,black,10,71688,285
2224,22346,10,17,black,10,128373,251
2224,22355,10,17,black,10,95996,169
2224,22366,10,19,black,10,95996,309
2224,22466,10,20,black,10,71839,135
2224,23346,10,18,black,10,137070,463
2224,23466,10,21,black,10,114108,390
2224,33346,10,19,black,10,86858,214
2224,33466,10,22,black,10,86586,222
2225,11124,11,9,white,7,14873,38
2225,11125,11,10,white,7,14916,19
2225,11126,11,11,draw,27,8857664,12638
2225,11135,11,11,white,7,15007,284
2225,11136,11,12,black,14,777711,1125
2225,11146,11,13,black,14,777711,1253
2225,11235,11,12,black,14,1056383,1648
2225,11236,11,13,black,12,498430,973
2225,11244,11,12,white,9,42538,100
2225,11246,11,14,black,12,498430,754
2225,11255,11,14,black,12,365579,636
2225,11266,11,16,black,10,155285,400
2225,11346,11,15,black,12,535977,681
2225,11355,11,15,black,12,394109,633
2225,11356,11,16,black,10,206269,1470
2225,11366,11,17,black,10,165501,298
2225,11466,11,18,black,10,165501,378
2225,12235,11,13,black,12,357599,620
2225,12236,11,14,black,12,371719,621
2225,12246,11,15,black,12,371719,622
2225,12346,11,16,black,12,572160,783
2225,12355,11,16,black,10,222293,572
2225,12366,11,18,black,10,196526,318
2225,12466,11,19,black,10,196526,409
2225,13346,11,17,black,12,426234,854
2225,13466,11,20,black,10,205563,361
2225,22235,11,14,black,12,133144,290
2225,22236,11,15,black,12,133309,259
2225,22246,11,16,black,12,133309,376
2225,22346,11,17,black,12,233581,505
2225,22355,11,17,black,10,114557,387
2225,22366,11,19,black,10,95996,246
2225,22466,11,20,black,10,95996,246
2225,23346,11,18,black,12,245418,412
2225,23466,11,21,black,10,144066,218
2225,33346,11,19,black,12,154690,262
2225,33466,11,22,black,10,108925,209
2234,11124,11,9,white,7,31771,90
2234,11125,11,10,white,13,547526,1198
2234,11126,11,11,white,13,547526,963
2234,11135,11,11,draw,27,54881774,49704
2234,11136,11,12,draw,27,54881774,52964
2234,11146,11,13,black,10,254910,318
2234,11235,11,12,black,14,2615861,2995
2234,11236,11,13,black,14,2615861,2501
2234,11244,11,12,black,18,4573392,5017
2234,11246,11,14,black,10,458510,462
2234,11255,11,14,black,10,445650,450
2234,11266,11,16,black,10,445650,411
2234,11346,11,15,black,10,474531,434
2234,11355,11,15,black,10,375961,371
2234,11356,11,16,black,10,451615,1057
2234,11366,11,17,black,10,375961,406
2234,11466,11,18,black,10,293764,309
2234,12235,11,13,black,14,1871450,2040
2234,12236,11,14,black,14,1871450,1625
2234,12246,11,15,black,10,402077,686
2234,12346,11,16,black,10,628376,817
2234,12355,11,16,black,10,488631,792
2234,12366,11,18,black,10,488631,741
2234,12466,11,19,black,10,376717,384
2234,13346,11,17,black,10,435669,1008
2234,13466,11,20,black,10,384785,643
2234,22235,11,14,black,14,807943,1067
2234,22236,11,15,black,14,807943,1108
2234,22246,11,16,black,10,213479,496
2234,22346,11,17,black,10,362890,529
2234,22355,11,17,black,10,283510,681
2234,22366,11,19,black,10,283510,556
2234,22466,11,20,black,10,216032,1212
2234,23346,11,18,black,10,357723,541
2234,23466,11,21,black,10,312303,544
2234,33346,11,19,black,10,197764,307
2234,33466,11,22,black,10,203117,534
2235,11124,12,9,white,7,31781,70
2235,11125,12,10,white,7,31771,45
2235,11126,12,11,white,13,547526,868
2235,11135,12,11,white,7,30922,69
2235,11136,12,12,draw,27,54881774,69324
2235,11146,12,13,black,14,1891649,2745
2235,11235,12,12,white,9,189987,318
2235,11236,12,13,black,14,2615861,3461
2235,11244,12,12,white,9,82716,206
2235,11246,12,14,black,12,1268434,1638
2235,11255,12,14,black,18,4573392,5779
2235,11266,12,16,black,10,445650,699
2235,11346,12,15,black,12,1258466,1878
2235,11355,12,15,black,12,1010139,1599
2235,11356,12,16,black,10,474531,698
2235,11366,12,17,black,10,375961,491
2235,11466,12,18,black,10,367476,792
2235,12235,12,13,white,9,174119,402
2235,12236,12,14,black,14,1871450,2680
2235,12246,12,15,black,12,1029783,1639
2235,12346,12,16,black,12,1548077,1973
2235,12355,12,16,black,12,1262818,1831
2235,12366,12,18,black,10,488631,566
2235,12466,12,19,black,10,478223,557
2235,13346,12,17,black,12,991245,1309
2235,13466,12,20,black,10,472712,708
2235,22235,12,14,white,9,104061,315
2235,22236,12,15,black,14,807943,1121
2235,22246,12,16,black,12,486018,696
2235,22346,12,17,black,12,787476,1427
2235,22355,12,17,black,12,672046,1028
2235,22366,12,19,black,10,283510,484
2235,22466,12,20,black,10,276558,728
2235,23346,12,18,black,12,729568,1066
2235,23466,12,21,black,10,383204,759
2235,33346,12,19,black,12,356446,797
2235,33466,12,22,black,10,253917,450
2236,11124,13,9,white,7,31781,73
2236,11125,13,10,white,7,31781,79
2236,11126,13,11,white,7,31771,133
2236,11135,13,11,white,7,31370,39
2236,11136,13,12,white,7,30922,53
2236,11146,13,13,white,7,29500,59
2236,11235,13,12,white,9,107225,87
2236,11236,13,13,white,9,189987,526
2236,11244,13,12,white,9,82716,268
2236,11246,13,14,white,13,1778483,2571
2236,11255,13,14,white,9,82716,147
2236,11266,13,16,black,18,4573392,6618
2236,11346,13,15,black,14,3054189,3977
2236,11355,13,15,white,9,78347,173
2236,11356,13,16,black,14,3054189,3842
2236,11366,13,17,black,12,1010139,1602
2236,11466,13,18,black,12,955168,1306
2236,12235,13,13,white,9,104033,96
2236,12236,13,14,white,9,174119,152
2236,12246,13,15,white,13,1302767,1967
2236,12346,13,16,black,14,3232649,3921
2236,12355,13,16,white,9,105788,275
2236,12366,13,18,black,12,1262818,1700
2236,12466,13,19,black,12,1219165,1704
2236,13346,13,17,black,12,1008436,1795
2236,13466,13,20,black,10,525293,761
2236,22235,13,14,white,9,65884,132
2236,22236,13,15,white,9,104061,340
2236,22246,13,16,white,13,571117,1189
2236,22346,13,17,black,14,1517916,1837
2236,22355,13,17,white,9,72570,93
2236,22366,13,19,black,12,672046,1565
2236,22466,13,20,black,12,659962,1243
2236,23346,13,18,black,12,742972,1261
2236,23466,13,21,black,10,441921,794
2236,33346,13,19,black,12,363855,722
2236,33466,13,22,black,10,284532,470
2245,11124,13,9,white,7,22539,42
2245,11125,13,10,white,7,31771,57
2245,11126,13,11,white,13,547526,1186
2245,11135,13,11,white,7,32661,64
2245,11136,13,12,white,13,872706,1138
2245,11146,13,13,draw,27,54881774,82385
2245,11235,13,12,white,7,48346,61
2245,11236,13,13,white,13,1553217,2547
2245,11244,13,12,white,7,25270,68
2245,11246,13,14,black,14,2615861,4213
2245,11255,13,14,black,18,4573392,7256
2245,11266,13,16,black,10,445650,825
2245,11346,13,15,black,14,3311555,7164
2245,11355,13,15,black,18,6144096,9913
2245,11356,13,16,black,10,507176,839
2245,11366,13,17,black,10,475186,942
2245,11466,13,18,black,10,375961,1596
2245,12235,13,13,white,7,48076,706
2245,12236,13,14,white,13,1275024,1343
2245,12246,13,15,black,14,1871450,3443
2245,12346,13,16,black,14,3581748,5718
2245,12355,13,16,black,14,2697345,4317
2245,12366,13,18,black,10,604791,810
2245,12466,13,19,black,10,488631,887
2245,13346,13,17,black,14,2804255,3608
2245,13466,13,20,black,10,538886,500
2245,22235,13,14,white,7,32797,73
2245,22236,13,15,white,13,589445,1234
2245,22246,13,16,black,14,807943,1536
2245,22346,13,17,black,14,1706431,2533
2245,22355,13,17,black,14,1311832,1827
2245,22366,13,19,black,10,364482,417
2245,22466,13,20,black,10,283510,568
2245,23346,13,18,black,14,1843602,3112
2245,23466,13,21,black,10,449257,793
2245,33346,13,19,black,14,1323066,2280
2245,33466,13,22,black,10,341892,612
2246,11124,14,9,white,7,22539,63
2246,11125,14,10,white,7,31781,46
2246,11126,14,11,white,7,31771,67
2246,11135,14,11,white,7,33192,54
2246,11136,14,12,white,7,32661,46
2246,11146,14,13,white,7,30922,47
2246,11235,14,12,white,7,48532,101
2246,11236,14,13,white,7,48346,81
2246,11244,14,12,white,7,25270,51
2246,11246,14,14,white,9,189987,382
2246,11255,14,14,white,9,82716,198
2246,11266,14,16,black,18,4573392,7493
2246,11346,14,15,white,9,209173,472
2246,11355,14,15,white,9,86027,155
2246,11356,14,16,black,26,100928294,113376
2246,11366,14,17,black,18,6144096,8206
2246,11466,14,18,black,12,1010139,1106
2246,12235,14,13,white,7,48343,104
2246,12236,14,14,white,7,48076,88
2246,12246,14,15,white,9,174119,405
2246,12346,14,16,white,9,279011,453
2246,12355,14,16,white,9,116114,182
2246,12366,14,18,black,14,2697345,3157
2246,12466,14,19,black,12,1262818,2515
2246,13346,14,17,white,9,208509,452
2246,13466,14,20,black,12,1455429,1987
2246,22235,14,14,white,7,33074,69
2246,22236,14,15,white,7,32797,69
2246,22246,14,16,white,9,104061,200
2246,22346,14,17,white,9,181963,446
2246,22355,14,17,white,9,80293,199
2246,22366,14,19,black,14,1311832,2088
2246,22466,14,20,black,12,672046,1213
2246,23346,14,18,white,9,191361,373
2246,23466,14,21,black,12,1140706,1614
2246,33346,14,19,white,9,135202,251
2246,33466,14,22,black,12,890942,1626
2256,11124,15,9,white,7,22686,27
2256,11125,15,10,white,7,22539,33
2256,11126,15,11,white,7,31771,70
2256,11135,15,11,white,7,22425,48
2256,11136,15,12,white,7,32661,103
2256,11146,15,13,white,7,32661,61
2256,11235,15,12,white,7,31816,86
2256,11236,15,13,white,7,48346,144
2256,11244,15,12,white,7,26662,44
2256,11246,15,14,white,7,48346,197
2256,11255,15,14,white,7,25270,60
2256,11266,15,16,black,18,4573392,6005
2256,11346,15,15,white,7,50034,91
2256,11355,15,15,white,7,23860,60
2256,11356,15,16,white,9,209173,546
2256,11366,15,17,black,18,6144096,7529
2256,11466,15,18,black,18,6144096,6890
2256,12235,15,13,white,7,31438,43
2256,12236,15,14,white,7,48076,83
2256,12246,15,15,white,7,48076,72
2256,12346,15,16,white,7,68476,114
2256,12355,15,16,white,7,31442,65
2256,12366,15,18,black,14,2697345,4102
2256,12466,15,19,black,14,2697345,3943
2256,13346,15,17,white,7,51646,246
2256,13466,15,20,black,14,3083413,4302
2256,22235,15,14,white,7,21174,24
2256,22236,15,15,white,7,32797,130
2256,22246,15,16,white,7,32797,23
2256,22346,15,17,white,7,49527,52
2256,22355,15,17,white,7,22654,42
2256,22366,15,19,black,14,1311832,2041
2256,22466,15,20,black,14,1311832,1837
2256,23346,15,18,white,7,51291,99
2256,23466,15,21,black,14,2191797,3522
2256,33346,15,19,white,7,35717,71
2256,33466,15,22,black,14,1736726,3186
2333,11124,11,9,white,13,252070,729
2333,11125,11,10,white,13,252070,764
2333,11126,11,11,white,13,252070,588
2333,11135,11,11,black,12,227142,489
2333,11136,11,12,black,12,227142,535
2333,11146,11,13,black,10,110291,166
2333,11235,11,12,black,12,401745,702
2333,11236,11,13,black,12,401745,725
2333,11244,11,12,black,10,179157,359
2333,11246,11,14,black,10,213271,513
2333,11255,11,14,black,10,179157,384
2333,11266,11,16,black,10,179157,190
2333,11346,11,15,black,10,123041,120
2333,11355,11,15,black,10,91684,88
2333,11356,11,16,black,10,123041,305
2333,11366,11,17,black,10,91684,215
2333,11466,11,18,black,10,125755,257
2333,12235,11,13,black,12,346308,622
2333,12236,11,14,black,12,346308,387
2333,12246,11,15,black,10,192079,401
2333,12346,11,16,black,10,184099,240
2333,12355,11,16,black,10,132045,93
2333,12366,11,18,black,10,132045,111
2333,12466,11,19,black,10,174569,228
2333,13346,11,17,black,10,93970,258
2333,13466,11,20,black,10,86031,209
2333,22235,11,14,black,12,176605,184
2333,22236,11,15,black,12,176605,411
2333,22246,11,16,black,10,108660,252
2333,22346,11,17,black,10,105338,142
2333,22355,11,17,black,10,77673,130
2333,22366,11,19,black,10,77673,119
2333,22466,11,20,black,10,107126,159
2333,23346,11,18,black,10,82186,135
2333,23466,11,21,black,10,77322,138
2333,33346,11,19,black,10,27142,131
2333,33466,11,22,black,10,28421,46
2334,11124,12,9,white,7,31760,42
2334,11125,12,10,white,13,524817,467
2334,11126,12,11,white,13,524817,439
2334,11135,12,11,draw,27,40298080,36944
2334,11136,12,12,draw,27,40298080,37396
2334,11146,12,13,black,10,250881,284
2334,11235,12,12,black,24,41037562,41882
2334,11236,12,13,black,24,41037562,52688
2334,11244,12,12,white,7,35969,53
2334,11246,12,14,black,10,426813,584
2334,11255,12,14,black,10,412219,395
2334,11266,12,16,black,10,412219,477
2334,11346,12,15,black,10,436960,541
2334,11355,12,15,black,10,348861,443
2334,11356,12,16,black,10,410166,549
2334,11366,12,17,black,10,348861,716
2334,11466,12,18,black,10,289361,637
2334,12235,12,13,black,20,11350077,14263
2334,12236,12,14,black,20,11350077,13410
2334,12246,12,15,black,10,380791,834
2334,12346,12,16,black,10,588566,868
2334,12355,12,16,black,10,460728,655
2334,12366,12,18,black,10,460728,598
2334,12466,12,19,black,10,387154,544
2334,13346,12,17,black,10,390986,521
2334,13466,12,20,black,10,357075,530
2334,22235,12,14,black,20,4252979,6799
2334,22236,12,15,black,20,4252979,7144
2334,22246,12,16,black,10,226741,519
2334,22346,12,17,black,10,373205,966
2334,22355,12,17,black,10,295377,1155
2334,22366,12,19,black,10,295377,769
2334,22466,12,20,black,10,245324,456
2334,23346,12,18,black,10,349551,595
2334,23466,12,21,black,10,318738,492
2334,33346,12,19,black,10,177934,404
2334,33466,12,22,black,10,184511,443
2335,11124,13,9,white,7,31869,42
2335,11125,13,10,white,7,31760,39
2335,11126,13,11,white,13,524817,814
2335,11135,13,11,white,7,29897,67
2335,11136,13,12,draw,27,40298080,63559
2335,11146,13,13,black,14,1864413,5440
2335,11235,13,12,white,7,43817,79
2335,11236,13,13,black,24,41037562,69442
2335,11244,13,12,white,7,35710,125
2335,11246,13,14,black,14,3132830,6097
2335,11255,13,14,white,7,35969,76
2335,11266,13,16,black,10,412219,867
2335,11346,13,15,black,12,1145742,2791
2335,11355,13,15,black,12,945706,2014
2335,11356,13,16,black,10,436960,1338
2335,11366,13,17,black,10,348861,919
2335,11466,13,18,black,10,352637,857
2335,12235,13,13,white,7,43707,382
2335,12236,13,14,black,20,11350077,12536
2335,12246,13,15,black,14,2670720,2273
2335,12346,13,16,black,12,1541170,2355
2335,12355,13,16,black,12,1268807,2808
2335,12366,13,18,black,10,460728,773
2335,12466,13,19,black,10,470903,741
2335,13346,13,17,black,12,896781,1358
2335,13466,13,20,black,10,430609,718
2335,22235,13,14,white,7,30146,43
2335,22236,13,15,black,20,4252979,6617
2335,22246,13,16,black,14,1288994,1946
2335,22346,13,17,black,12,927713,1561
2335,22355,13,17,black,12,776039,1377
2335,22366,13,19,black,10,295377,743
2335,22466,13,20,black,10,296738,624
2335,23346,13,18,black,12,779948,1354
2335,23466,13,21,black,10,380055,684
2335,33346,13,19,black,12,330535,731
2335,33466,13,22,black,10,226287,476
2345,11124,14,9,white,7,38509,46
2345,11125,14,10,white,7,53439,96
2345,11126,14,11,white,13,869237,1613
2345,11135,14,11,white,7,52937,192
2345,11136,14,12,white,13,1222944,2807
2345,11146,14,13,draw,27,117649662,167818
2345,11235,14,12,white,7,72790,39
2345,11236,14,13,white,13,2017365,1590
2345,11244,14,12,white,7,42741,26
2345,11246,14,14,black,22,66822344,43863
2345,11255,14,14,white,7,59124,27
2345,11266,14,16,black,10,715083,500
2345,11346,14,15,black,14,5122063,3393
2345,11355,14,15,black,18,9982043,6641
2345,11356,14,16,black,10,779369,444
2345,11366,14,17,black,10,786657,1069
2345,11466,14,18,black,10,632288,856
2345,12235,14,13,white,7,72590,114
2345,12236,14,14,white,13,1762020,2479
2345,12246,14,15,black,20,25611495,28182
2345,12346,14,16,black,14,6035301,7577
2345,12355,14,16,black,16,8127057,9195
2345,12366,14,18,black,10,1005186,1740
2345,12466,14,19,black,10,831449,1033
2345,13346,14,17,black,14,3956948,4497
2345,13466,14,20,black,10,846998,1031
2345,22235,14,14,white,7,52470,76
2345,22236,14,15,white,13,1017894,1201
2345,22246,14,16,black,20,10833388,12561
2345,22346,14,17,black,14,3636387,5620
2345,22355,14,17,black,16,4475058,5563
2345,22366,14,19,black,10,687259,1048
2345,22466,14,20,black,10,538933,811
2345,23346,14,18,black,14,3275207,4247
2345,23466,14,21,black,10,762852,857
2345,33346,14,19,black,14,1816999,2498
2345,33466,14,22,black,10,525861,581
2346,11124,15,9,white,7,38509,49
2346,11125,15,10,white,7,53609,85
2346,11126,15,11,white,7,53439,83
2346,11135,15,11,white,7,53088,74
2346,11136,15,12,white,7,52937,184
2346,11146,15,13,white,7,50473,75
2346,11235,15,12,white,7,72227,112
2346,11236,15,13,white,7,72790,111
2346,11244,15,12,white,7,42741,86
2346,11246,15,14,white,7,70574,116
2346,11255,15,14,white,7,58497,114
2346,11266,15,16,white,7,59124,120
2346,11346,15,15,white,9,318557,599
2346,11355,15,15,white,9,133042,239
2346,11356,15,16,white,13,3721328,5306
2346,11366,15,17,black,18,9982043,15368
2346,11466,15,18,black,12,1783273,3048
2346,12235,15,13,white,7,72120,114
2346,12236,15,14,white,7,72590,132
2346,12246,15,15,white,7,70404,120
2346,12346,15,16,white,9,415686,737
2346,12355,15,16,white,9,175821,260
2346,12366,15,18,black,16,8127057,11301
2346,12466,15,19,black,12,2388902,3017
2346,13346,15,17,white,9,301871,628
2346,13466,15,20,black,12,2309860,3737
2346,22235,15,14,white,7,52488,92
2346,22236,15,15,white,7,52470,103
2346,22246,15,16,white,7,50859,110
2346,22346,15,17,white,9,290325,547
2346,22355,15,17,white,9,130131,204
2346,22366,15,19,black,16,4475058,5491
2346,22466,15,20,black,12,1454839,1681
2346,23346,15,18,white,9,284769,399
2346,23466,15,21,black,12,2034837,2161
2346,33346,15,19,white,9,194372,268
2346,33466,15,22,black,12,1319236,1397
2356,11124,16,9,white,7,38831,55
2356,11125,16,10,white,7,38509,65
2356,11126,16,11,white,7,53439,70
2356,11135,16,11,white,7,37798,57
2356,11136,16,12,white,7,52937,76
2356,11146,16,13,white,7,52411,89
2356,11235,16,12,white,7,51278,95
2356,11236,16,13,white,7,72790,116
2356,11244,16,12,white,7,45511,81
2356,11246,16,14,white,7,72738,125
2356,11255,16,14,white,7,42741,70
2356,11266,16,16,white,7,59124,127
2356,11346,16,15,white,7,75085,146
2356,11355,16,15,white,7,40690,60
2356,11356,16,16,white,9,318557,415
2356,11366,16,17,black,18,9982043,10739
2356,11466,16,18,black,18,11280283,13521
2356,12235,16,13,white,7,51096,81
2356,12236,16,14,white,7,72590,119
2356,12246,16,15,white,7,72582,97
2356,12346,16,16,white,7,98392,155
2356,12355,16,16,white,7,51734,128
2356,12366,16,18,black,16,8127057,12574
2356,12466,16,19,black,16,9082165,12807
2356,13346,16,17,white,7,75810,173
2356,13466,16,20,black,14,5244432,7905
2356,22235,16,14,white,7,36195,52
2356,22236,16,15,white,7,52470,81
2356,22246,16,16,white,7,52386,84
2356,22346,16,17,white,7,73858,156
2356,22355,16,17,white,7,39106,90
2356,22366,16,19,black,16,4475058,6948
2356,22466,16,20,black,16,4909270,8061
2356,23346,16,18,white,7,74976,106
2356,23466,16,21,black,14,4431268,7346
2356,33346,16,19,white,7,54263,122
2356,33466,16,22,black,14,2732019,4963
2444,11124,14,9,white,7,12663,15
2444,11125,14,10,white,13,252070,415
2444,11126,14,11,white,13,252070,468
2444,11135,14,11,white,13,312504,455
2444,11136,14,12,white,13,312504,491
2444,11146,14,13,black,12,227142,354
2444,11235,14,12,white,13,607249,816
2444,11236,14,13,white,13,607249,1281
2444,11244,14,12,white,7,14623,294
2444,11246,14,14,black,12,401745,1141
2444,11255,14,14,black,10,179157,318
2444,11266,14,16,black,10,179157,467
2444,11346,14,15,black,10,169925,349
2444,11355,14,15,black,10,182583,376
2444,11356,14,16,black,10,219579,419
2444,11366,14,17,black,10,182583,327
2444,11466,14,18,black,10,91684,164
2444,12235,14,13,white,13,535915,985
2444,12236,14,14,white,13,535915,695
2444,12246,14,15,black,12,346308,468
2444,12346,14,16,black,10,243570,463
2444,12355,14,16,black,10,247089,356
2444,12366,14,18,black,10,247089,364
2444,12466,14,19,black,10,132045,206
2444,13346,14,17,black,10,163500,390
2444,13466,14,20,black,10,136528,320
2444,22235,14,14,white,13,269810,595
2444,22236,14,15,white,13,269810,527
2444,22246,14,16,black,12,176605,378
2444,22346,14,17,black,10,147838,229
2444,22355,14,17,black,10,157377,184
2444,22366,14,19,black,10,157377,383
2444,22466,14,20,black,10,77673,67
2444,23346,14,18,black,10,150081,232
2444,23466,14,21,black,10,125012,335
2444,33346,14,19,black,10,90353,91
2444,33466,14,22,black,10,86422,60
2445,11124,15,9,white,7,17891,56
2445,11125,15,10,white,7,31760,29
2445,11126,15,11,white,13,524817,669
2445,11135,15,11,white,7,31569,43
2445,11136,15,12,white,13,684631,1306
2445,11146,15,13,draw,27,40298080,36221
2445,11235,15,12,white,7,45418,56
2445,11236,15,13,white,13,1210098,1559
2445,11244,15,12,white,7,20284,37
2445,11246,15,14,black,24,41037562,37105
2445,11255,15,14,white,7,35969,43
2445,11266,15,16,black,10,412219,378
2445,11346,15,15,black,18,10656017,9873
2445,11355,15,15,white,7,35472,70
2445,11356,15,16,black,10,437801,734
2445,11366,15,17,black,10,422239,681
2445,11466,15,18,black,10,348861,506
2445,12235,15,13,white,7,45390,88
2445,12236,15,14,white,13,1058298,1801
2445,12246,15,15,black,20,11350077,12836
2445,12346,15,16,black,16,6409964,6027
2445,12355,15,16,white,7,47111,60
2445,12366,15,18,black,10,547580,508
2445,12466,15,19,black,10,460728,755
2445,13346,15,17,black,16,4743226,4056
2445,13466,15,20,black,10,481791,632
2445,22235,15,14,white,7,31232,65
2445,22236,15,15,white,13,580556,874
2445,22246,15,16,black,20,4252979,4639
2445,22346,15,17,black,16,3361652,4062
2445,22355,15,17,white,7,34819,48
2445,22366,15,19,black,10,365623,390
2445,22466,15,20,black,10,295377,403
2445,23346,15,18,black,16,3555434,5288
2445,23466,15,21,black,10,433495,879
2445,33346,15,19,black,16,2400173,3123
2445,33466,15,22,black,10,326453,1607
2456,11124,17,9,white,7,25584,59
2456,11125,17,10,white,7,38509,79
2456,11126,17,11,white,7,53439,94
2456,11135,17,11,white,7,37930,76
2456,11136,17,12,white,7,53510,125
2456,11146,17,13,white,7,52937,92
2456,11235,17,12,white,7,51423,126
2456,11236,17,13,white,7,73225,167
2456,11244,17,12,white,7,28674,50
2456,11246,17,14,white,7,72790,127
2456,11255,17,14,white,7,42741,209
2456,11266,17,16,white,7,59124,108
2456,11346,17,15,white,7,74532,99
2456,11355,17,15,white,7,40936,56
2456,11356,17,16,white,7,71229,117
2456,11366,17,17,white,7,58901,98
2456,11466,17,18,black,18,9982043,13503
2456,12235,17,13,white,7,51249,95
2456,12236,17,14,white,7,73110,123
2456,12246,17,15,white,7,72590,173
2456,12346,17,16,white,7,97294,199
2456,12355,17,16,white,7,52045,94
2456,12366,17,18,white,7,75290,153
2456,12466,17,19,black,16,8127057,10937
2456,13346,17,17,white,7,75657,122
2456,13466,17,20,black,14,5870590,7516
2456,22235,17,14,white,7,36292,71
2456,22236,17,15,white,7,52833,102
2456,22246,17,16,white,7,52470,93
2456,22346,17,17,white,7,73058,41
2456,22355,17,17,white,7,39313,21
2456,22366,17,19,white,7,57693,46
2456,22466,17,20,black,16,4475058,5639
2456,23346,17,18,white,7,74682,142
2456,23466,17,21,black,14,4984583,6482
2456,33346,17,19,white,7,55584,85
2456,33466,17,22,black,14,3733182,4463
2555,11124,17,9,white,7,11087,14
2555,11125,17,10,white,7,12663,16
2555,11126,17,11,white,13,252070,468
2555,11135,17,11,white,7,12446,18
2555,11136,17,12,white,13,312504,506
2555,11146,17,13,white,13,312504,359
2555,11235,17,12,white,7,19977,27
2555,11236,17,13,white,13,607249,1053
2555,11244,17,12,white,7,13153,17
2555,11246,17,14,white,13,607249,854
2555,11255,17,14,white,7,14623,24
2555,11266,17,16,black,10,179157,400
2555,11346,17,15,white,13,632459,823
2555,11355,17,15,white,7,14275,20
2555,11356,17,16,black,10,169925,258
2555,11366,17,17,black,10,182583,351
2555,11466,17,18,black,10,182583,273
2555,12235,17,13,white,7,19911,27
2555,12236,17,14,white,13,535915,566
2555,12246,17,15,white,13,535915,572
2555,12346,17,16,white,13,882043,901
2555,12355,17,16,white,7,20634,14
2555,12366,17,18,black,10,247089,222
2555,12466,17,19,black,10,247089,212
2555,13346,17,17,white,13,603769,806
2555,13466,17,20,black,10,255780,356
2555,22235,17,14,white,7,12494,17
2555,22236,17,15,white,13,269810,610
2555,22246,17,16,white,13,269810,591
2555,22346,17,17,white,13,517469,886
2555,22355,17,17,white,7,14246,19
2555,22366,17,19,black,10,157377,228
2555,22466,17,20,black,10,157377,275
2555,23346,17,18,white,13,536610,1137
2555,23466,17,21,black,10,233520,322
2555,33346,17,19,white,13,333739,655
2555,33466,17,22,black,10,170002,256
2666,11124,20,9,white,7,11087,15
2666,11125,20,10,white,7,11087,15
2666,11126,20,11,white,7,12663,17
2666,11135,20,11,white,7,11331,17
2666,11136,20,12,white,7,12446,16
2666,11146,20,13,white,7,12446,19
2666,11235,20,12,white,7,18318,11
2666,11236,20,13,white,7,19977,12
2666,11244,20,12,white,7,13153,7
2666,11246,20,14,white,7,19977,58
2666,11255,20,14,white,7,13153,17
2666,11266,20,16,white,7,14623,30
2666,11346,20,15,white,7,19751,34
2666,11355,20,15,white,7,12527,16
2666,11356,20,16,white,7,19751,59
2666,11366,20,17,white,7,14275,51
2666,11466,20,18,white,7,14275,19
2666,12235,20,13,white,7,18144,11
2666,12236,20,14,white,7,19911,15
2666,12246,20,15,white,7,19911,12
2666,12346,20,16,white,7,28789,42
2666,12355,20,16,white,7,18085,57
2666,12366,20,18,white,7,20634,27
2666,12466,20,19,white,7,20634,64
2666,13346,20,17,white,7,19889,57
2666,13466,20,20,white,7,20396,11
2666,22235,20,14,white,7,10840,6
2666,22236,20,15,white,7,12494,7
2666,22246,20,16,white,7,12494,16
2666,22346,20,17,white,7,19767,39
2666,22355,20,17,white,7,12056,18
2666,22366,20,19,white,7,14246,18
2666,22466,20,20,white,7,14246,17
2666,23346,20,18,white,7,20111,57
2666,23466,20,21,white,7,20596,35
2666,33346,20,19,white,7,12893,8
2666,33466,20,22,white,7,14493,8
3334,11124,13,9,white,7,15983,9
3334,11125,13,10,white,13,223517,565
3334,11126,13,11,white,13,223517,544
3334,11135,13,11,draw,27,8857664,12152
3334,11136,13,12,draw,27,8857664,10870
3334,11146,13,13,black,10,112597,167
3334,11235,13,12,draw,27,23506038,31048
3334,11236,13,13,draw,27,23506038,29615
3334,11244,13,12,white,7,17946,30
3334,11246,13,14,black,10,192608,384
3334,11255,13,14,black,10,163145,372
3334,11266,13,16,black,10,163145,374
3334,11346,13,15,black,10,196462,464
3334,11355,13,15,black,10,155285,311
3334,11356,13,16,black,10,186927,208
3334,11366,13,17,black,10,155285,440
3334,11466,13,18,black,10,125911,264
3334,12235,13,13,draw,27,22740839,31404
3334,12236,13,14,draw,27,22740839,27601
3334,12246,13,15,black,10,177746,302
3334,12346,13,16,black,10,288794,423
3334,12355,13,16,black,10,225209,348
3334,12366,13,18,black,10,225209,339
3334,12466,13,19,black,10,185719,287
3334,13346,13,17,black,10,167012,1959
3334,13466,13,20,black,10,151259,409
3334,22235,13,14,draw,27,8857664,12966
3334,22236,13,15,draw,27,8857664,12550
3334,22246,13,16,black,10,112597,443
3334,22346,13,17,black,10,196462,344
3334,22355,13,17,black,10,155285,298
3334,22366,13,19,black,10,155285,439
3334,22466,13,20,black,10,125911,432
3334,23346,13,18,black,10,167012,333
3334,23466,13,21,black,10,151259,248
3334,33346,13,19,black,10,71688,169
3334,33466,13,22,black,10,71839,198
3335,11124,14,9,white,7,16110,52
3335,11125,14,10,white,7,15983,20
3335,11126,14,11,white,13,223517,571
3335,11135,14,11,white,7,14916,48
3335,11136,14,12,draw,27,8857664,12124
3335,11146,14,13,black,14,777711,1142
3335,11235,14,12,white,7,23283,30
3335,11236,14,13,draw,27,23506038,29431
3335,11244,14,12,white,7,18064,55
3335,11246,14,14,black,14,1479178,1913
3335,11255,14,14,white,7,17946,23
3335,11266,14,16,black,10,163145,306
3335,11346,14,15,black,12,498430,1703
3335,11355,14,15,black,12,365579,2301
3335,11356,14,16,black,10,196462,317
3335,11366,14,17,black,10,155285,239
3335,11466,14,18,black,10,165501,346
3335,12235,14,13,white,7,23294,48
3335,12236,14,14,draw,27,22740839,39015
3335,12246,14,15,black,14,1364252,2714
3335,12346,14,16,black,12,756419,1777
3335,12355,14,16,black,12,544568,797
3335,12366,14,18,black,10,225209,310
3335,12466,14,19,black,10,244241,650
3335,13346,14,17,black,12,371719,1279
3335,13466,14,20,black,10,196526,356
3335,22235,14,14,white,7,14916,20
3335,22236,14,15,draw,27,8857664,18455
3335,22246,14,16,black,14,777711,3330
3335,22346,14,17,black,12,498430,640
3335,22355,14,17,black,12,365579,910
3335,22366,14,19,black,10,155285,369
3335,22466,14,20,black,10,165501,415
3335,23346,14,18,black,12,371719,688
3335,23466,14,21,black,10,196526,452
3335,33346,14,19,black,12,133309,505
3335,33466,14,22,black,10,95996,1168
3345,11124,15,9,white,7,22708,25
3345,11125,15,10,white,7,32683,61
3345,11126,15,11,white,13,478964,788
3345,11135,15,11,white,7,31771,66
3345,11136,15,12,white,13,547526,1089
3345,11146,15,13,draw,27,54881774,60523
3345,11235,15,12,white,7,45525,51
3345,11236,15,13,white,13,900792,1291
3345,11244,15,12,white,7,25456,44
3345,11246,15,14,draw,27,147873163,204663
3345,11255,15,14,white,7,35087,92
3345,11266,15,16,black,10,367096,673
3345,11346,15,15,black,14,2615861,4204
3345,11355,15,15,black,18,4573392,7912
3345,11356,15,16,black,10,458510,867
3345,11366,15,17,black,10,445650,703
3345,11466,15,18,black,10,375961,1008
3345,12235,15,13,white,7,45686,1230
3345,12236,15,14,white,13,836486,1229
3345,12246,15,15,draw,27,131690354,137228
3345,12346,15,16,black,14,3873772,2679
3345,12355,15,16,black,18,7103475,11025
3345,12366,15,18,black,10,607964,2008
3345,12466,15,19,black,10,535307,1126
3345,13346,15,17,black,14,1871450,3779
3345,13466,15,20,black,10,488631,884
3345,22235,15,14,white,7,31771,85
3345,22236,15,15,white,13,547526,1424
3345,22246,15,16,draw,27,54881774,73460
3345,22346,15,17,black,14,2615861,2066
3345,22355,15,17,black,18,4573392,3658
3345,22366,15,19,black,10,445650,289
3345,22466,15,20,black,10,375961,244
3345,23346,15,18,black,14,1871450,1381
3345,23466,15,21,black,10,488631,403
3345,33346,15,19,black,14,807943,611
3345,33466,15,22,black,10,283510,266
3346,11124,16,9,white,7,22708,26
3346,11125,16,10,white,7,32961,95
3346,11126,16,11,white,7,32683,75
3346,11135,16,11,white,7,31781,63
3346,11136,16,12,white,7,31771,68
3346,11146,16,13,white,7,30922,62
3346,11235,16,12,white,7,45176,194
3346,11236,16,13,white,7,45525,135
3346,11244,16,12,white,7,25456,74
3346,11246,16,14,white,7,44199,93
3346,11255,16,14,white,7,35387,114
3346,11266,16,16,white,7,35087,45
3346,11346,16,15,white,9,189987,304
3346,11355,16,15,white,9,82716,154
3346,11356,16,16,white,13,1778483,2664
3346,11366,16,17,black,18,4573392,8769
3346,11466,16,18,black,12,1010139,1856
3346,12235,16,13,white,7,45330,67
3346,12236,16,14,white,7,45686,92
3346,12246,16,15,white,7,44340,88
3346,12346,16,16,white,9,261722,457
3346,12355,16,16,white,9,112974,295
3346,12366,16,18,black,18,7103475,12427
3346,12466,16,19,black,12,1512994,2532
3346,13346,16,17,white,9,174119,326
3346,13466,16,20,black,12,1262818,2422
3346,22235,16,14,white,7,31781,70
3346,22236,16,15,white,7,31771,73
3346,22246,16,16,white,7,30922,114
3346,22346,16,17,white,9,189987,476
3346,22355,16,17,white,9,82716,345
3346,22366,16,19,black,18,4573392,8520
3346,22466,16,20,black,12,1010139,1058
3346,23346,16,18,white,9,174119,306
3346,23466,16,21,black,12,1262818,1507
3346,33346,16,19,white,9,104061,223
3346,33466,16,22,black,12,672046,1037
3356,11124,17,9,white,7,22865,50
3356,11125,17,10,white,7,22708,37
3356,11126,17,11,white,7,32683,67
3356,11135,17,11,white,7,22539,29
3356,11136,17,12,white,7,31771,73
3356,11146,17,13,white,7,32661,61
3356,11235,17,12,white,7,32397,18
3356,11236,17,13,white,7,45525,45
3356,11244,17,12,white,7,26840,37
3356,11246,17,14,white,7,46523,56
3356,11255,17,14,white,7,25456,34
3356,11266,17,16,white,7,35087,46
3356,11346,17,15,white,7,48346,96
3356,11355,17,15,white,7,25270,34
3356,11356,17,16,white,9,189987,390
3356,11366,17,17,black,18,4573392,6017
3356,11466,17,18,black,18,6144096,8215
3356,12235,17,13,white,7,32626,43
3356,12236,17,14,white,7,45686,87
3356,12246,17,15,white,7,46646,61
3356,12346,17,16,white,7,65454,96
3356,12355,17,16,white,7,33730,110
3356,12366,17,18,black,18,7103475,9368
3356,12466,17,19,black,18,9606784,13933
3356,13346,17,17,white,7,48076,87
3356,13466,17,20,black,14,2697345,3863
3356,22235,17,14,white,7,22539,48
3356,22236,17,15,white,7,31771,74
3356,22246,17,16,white,7,32661,75
3356,22346,17,17,white,7,48346,106
3356,22355,17,17,white,7,25270,69
3356,22366,17,19,black,18,4573392,7804
3356,22466,17,20,black,18,6144096,10708
3356,23346,17,18,white,7,48076,135
3356,23466,17,21,black,14,2697345,5434
3356,33346,17,19,white,7,32797,90
3356,33466,17,22,black,14,1311832,2649
3444,11124,15,9,white,7,12694,400
3444,11125,15,10,white,13,225399,3652
3444,11126,15,11,white,13,225399,776
3444,11135,15,11,white,13,252070,860
3444,11136,15,12,white,13,252070,745
3444,11146,15,13,black,12,227142,685
3444,11235,15,12,white,13,438201,857
3444,11236,15,13,white,13,438201,635
3444,11244,15,12,white,7,14185,19
3444,11246,15,14,black,12,401395,621
3444,11255,15,14,black,10,149175,247
3444,11266,15,16,black,10,149175,432
3444,11346,15,15,black,12,401745,642
3444,11355,15,15,black,10,179157,211
3444,11356,15,16,black,10,213271,290
3444,11366,15,17,black,10,179157,247
3444,11466,15,18,black,10,91684,177
3444,12235,15,13,white,13,403842,1061
3444,12236,15,14,white,13,403842,1167
3444,12246,15,15,black,12,363496,547
3444,12346,15,16,black,12,579220,1338
3444,12355,15,16,black,10,249522,589
3444,12366,15,18,black,10,249522,506
3444,12466,15,19,black,10,137116,278
3444,13346,15,17,black,12,346308,512
3444,13466,15,20,black,10,132045,308
3444,22235,15,14,white,13,252070,478
3444,22236,15,15,white,13,252070,455
3444,22246,15,16,black,12,227142,348
3444,22346,15,17,black,12,401745,935
3444,22355,15,17,black,10,179157,342
3444,22366,15,19,black,10,179157,465
3444,22466,15,20,black,10,91684,294
3444,23346,15,18,black,12,346308,733
3444,23466,15,21,black,10,132045,251
3444,33346,15,19,black,12,176605,333
3444,33466,15,22,black,10,77673,732
3445,11124,16,9,white,7,17974,51
3445,11125,16,10,white,7,32277,44
3445,11126,16,11,white,13,477041,829
3445,11135,16,11,white,7,31760,37
3445,11136,16,12,white,13,524817,976
3445,11146,16,13,draw,27,40298080,52347
3445,11235,16,12,white,7,45482,26
3445,11236,16,13,white,13,837468,893
3445,11244,16,12,white,7,20420,24
3445,11246,16,14,draw,27,105794506,73473
3445,11255,16,14,white,7,34808,33
3445,11266,16,16,black,10,352888,291
3445,11346,16,15,black,24,41037562,25399
3445,11355,16,15,white,7,35969,17
3445,11356,16,16,black,10,426813,247
3445,11366,16,17,black,10,412219,305
3445,11466,16,18,black,10,348861,305
3445,12235,16,13,white,7,45866,83
3445,12236,16,14,white,13,770682,1470
3445,12246,16,15,draw,27,97608033,92853
3445,12346,16,16,black,24,62523999,40251
3445,12355,16,16,white,7,47937,21
3445,12366,16,18,black,10,553784,388
3445,12466,16,19,black,10,486580,354
3445,13346,16,17,black,20,11350077,7046
3445,13466,16,20,black,10,460728,360
3445,22235,16,14,white,7,31760,30
3445,22236,16,15,white,13,524817,436
3445,22246,16,16,draw,27,40298080,25238
3445,22346,16,17,black,24,41037562,24139
3445,22355,16,17,white,7,35969,31
3445,22366,16,19,black,10,412219,289
3445,22466,16,20,black,10,348861,293
3445,23346,16,18,black,20,11350077,14259
3445,23466,16,21,black,10,460728,680
3445,33346,16,19,black,20,4252979,9097
3445,33466,16,22,black,10,295377,610
3456,11124,18,9,white,7,25681,52
3456,11125,18,10,white,7,38847,79
3456,11126,18,11,white,7,54487,96
3456,11135,18,11,white,7,38509,82
3456,11136,18,12,white,7,53439,128
3456,11146,18,13,white,7,52937,105
3456,11235,18,12,white,7,53706,103
3456,11236,18,13,white,7,73398,161
3456,11244,18,12,white,7,28816,69
3456,11246,18,14,white,7,71691,117
3456,11255,18,14,white,7,43096,83
3456,11266,18,16,white,7,57368,110
3456,11346,18,15,white,7,72790,130
3456,11355,18,15,white,7,42741,90
3456,11356,18,16,white,7,70574,179
3456,11366,18,17,white,7,59124,274
3456,11466,18,18,black,18,9982043,19058
3456,12235,18,13,white,7,54276,156
3456,12236,18,14,white,7,74081,365
3456,12246,18,15,white,7,72180,187
3456,12346,18,16,white,7,95603,381
3456,12355,18,16,white,7,55667,114
3456,12366,18,18,white,7,76271,228
3456,12466,18,19,black,18,15522953,20674
3456,13346,18,17,white,7,72590,48
3456,13466,18,20,black,16,8127057,6900
3456,22235,18,14,white,7,38509,22
3456,22236,18,15,white,7,53439,52
3456,22246,18,16,white,7,52937,28
3456,22346,18,17,white,7,72790,41
3456,22355,18,17,white,7,42741,23
3456,22366,18,19,white,7,59124,105
3456,22466,18,20,black,18,9982043,14298
3456,23346,18,18,white,7,72590,132
3456,23466,18,21,black,16,8127057,11805
3456,33346,18,19,white,7,52470,119
3456,33466,18,22,black,16,4475058,8992
3555,11124,18,9,white,7,11146,46
3555,11125,18,10,white,7,12694,16
3555,11126,18,11,white,13,225399,629
3555,11135,18,11,white,7,12663,53
3555,11136,18,12,white,13,252070,933
3555,11146,18,13,white,13,312504,960
3555,11235,18,12,white,7,20248,27
3555,11236,18,13,white,13,438201,937
3555,11244,18,12,white,7,13233,20
3555,11246,18,14,white,13,545815,1274
3555,11255,18,14,white,7,14185,19
3555,11266,18,16,black,10,149175,468
3555,11346,18,15,white,13,607249,1835
3555,11355,18,15,white,7,14623,12
3555,11356,18,16,black,12,401745,777
3555,11366,18,17,black,10,179157,333
3555,11466,18,18,black,10,182583,518
3555,12235,18,13,white,7,20344,45
3555,12236,18,14,white,13,403842,900
3555,12246,18,15,white,13,508305,786
3555,12346,18,16,white,13,902604,1419
3555,12355,18,16,white,7,20987,10
3555,12366,18,18,black,10,249522,440
3555,12466,18,19,black,10,257303,440
3555,13346,18,17,white,13,535915,840
3555,13466,18,20,black,10,247089,320
3555,22235,18,14,white,7,12663,16
3555,22236,18,15,white,13,252070,460
3555,22246,18,16,white,13,312504,374
3555,22346,18,17,white,13,607249,901
3555,22355,18,17,white,7,14623,168
3555,22366,18,19,black,10,179157,287
3555,22466,18,20,black,10,182583,294
3555,23346,18,18,white,13,535915,715
3555,23466,18,21,black,10,247089,336
3555,33346,18,19,white,13,269810,451
3555,33466,18,22,black,10,157377,223
3666,11124,21,9,white,7,11146,16
3666,11125,21,10,white,7,11146,20
3666,11126,21,11,white,7,12694,7
3666,11135,21,11,white,7,11087,6
3666,11136,21,12,white,7,12663,17
3666,11146,21,13,white,7,12446,19
3666,11235,21,12,white,7,18126,25
3666,11236,21,13,white,7,20248,26
3666,11244,21,12,white,7,13233,17
3666,11246,21,14,white,7,19675,25
3666,11255,21,14,white,7,13233,17
3666,11266,21,16,white,7,14185,18
3666,11346,21,15,white,7,19977,19
3666,11355,21,15,white,7,13153,7
3666,11356,21,16,white,7,19977,11
3666,11366,21,17,white,7,14623,40
3666,11466,21,18,white,7,14275,18
3666,12235,21,13,white,7,18122,31
3666,12236,21,14,white,7,20344,35
3666,12246,21,15,white,7,19733,25
3666,12346,21,16,white,7,29030,54
3666,12355,21,16,white,7,19123,25
3666,12366,21,18,white,7,20987,15
3666,12466,21,19,white,7,20613,11
3666,13346,21,17,white,7,19911,16
3666,13466,21,20,white,7,20634,26
3666,22235,21,14,white,7,11087,26
3666,22236,21,15,white,7,12663,16
3666,22246,21,16,white,7,12446,32
3666,22346,21,17,white,7,19977,12
3666,22355,21,17,white,7,13153,7
3666,22366,21,19,white,7,14623,8
3666,22466,21,20,white,7,14275,17
3666,23346,21,18,white,7,19911,57
3666,23466,21,21,white,7,20634,37
3666,33346,21,19,white,7,12494,38
3666,33466,21,22,white,7,14246,18
4445,11124,17,9,white,7,7458,9
4445,11125,17,10,white,7,15983,21
4445,11126,17,11,white,13,223517,344
4445,11135,17,11,white,7,15983,20
4445,11136,17,12,white,13,223517,470
4445,11146,17,13,draw,27,8857664,11052
4445,11235,17,12,white,7,24719,312
4445,11236,17,13,white,13,380788,430
4445,11244,17,12,white,7,8326,10
4445,11246,17,14,draw,27,23506038,26902
4445,11255,17,14,white,7,17946,22
4445,11266,17,16,black,10,163145,210
4445,11346,17,15,draw,27,23506038,30070
4445,11355,17,15,white,7,17946,60
4445,11356,17,16,black,10,192608,438
4445,11366,17,17,black,10,163145,1796
4445,11466,17,18,black,10,155285,204
4445,12235,17,13,white,7,24779,48
4445,12236,17,14,white,13,352399,432
4445,12246,17,15,draw,27,22740839,35004
4445,12346,17,16,draw,27,43924258,66168
4445,12355,17,16,white,7,25299,42
4445,12366,17,18,black,10,226394,524
4445,12466,17,19,black,10,225209,528
4445,13346,17,17,draw,27,22740839,37412
4445,13466,17,20,black,10,225209,566
4445,22235,17,14,white,7,15983,21
4445,22236,17,15,white,13,223517,549
4445,22246,17,16,draw,27,8857664,15687
4445,22346,17,17,draw,27,23506038,37829
4445,22355,17,17,white,7,17946,39
4445,22366,17,19,black,10,163145,431
4445,22466,17,20,black,10,155285,336
4445,23346,17,18,draw,27,22740839,39890
4445,23466,17,21,black,10,225209,600
4445,33346,17,19,draw,27,8857664,20398
4445,33466,17,22,black,10,155285,600
4456,11124,19,9,white,7,11135,15
4456,11125,19,10,white,7,22708,70
4456,11126,19,11,white,7,32683,272
4456,11135,19,11,white,7,22708,30
4456,11136,19,12,white,7,32683,152
4456,11146,19,13,white,7,31771,74
4456,11235,19,12,white,7,32746,80
4456,11236,19,13,white,7,46746,128
4456,11244,19,12,white,7,11925,21
4456,11246,19,14,white,7,45525,273
4456,11255,19,14,white,7,25456,33
4456,11266,19,16,white,7,35087,85
4456,11346,19,15,white,7,45525,172
4456,11355,19,15,white,7,25456,64
4456,11356,19,16,white,7,44199,129
4456,11366,19,17,white,7,35087,72
4456,11466,19,18,black,18,4573392,9410
4456,12235,19,13,white,7,33043,94
4456,12236,19,14,white,7,47022,73
4456,12246,19,15,white,7,45686,98
4456,12346,19,16,white,7,61917,134
4456,12355,19,16,white,7,33910,75
4456,12366,19,18,white,7,46695,241
4456,12466,19,19,black,18,7103475,10554
4456,13346,19,17,white,7,45686,41
4456,13466,19,20,black,18,7103475,8631
4456,22235,19,14,white,7,22708,19
4456,22236,19,15,white,7,32683,21
4456,22246,19,16,white,7,31771,39
4456,22346,19,17,white,7,45525,57
4456,22355,19,17,white,7,25456,54
4456,22366,19,19,white,7,35087,40
4456,22466,19,20,black,18,4573392,4922
4456,23346,19,18,white,7,45686,101
4456,23466,19,21,black,18,7103475,10600
4456,33346,19,19,white,7,31771,87
4456,33466,19,22,black,18,4573392,7701
4555,11124,19,9,white,7,7463,4
4555,11125,19,10,white,7,12694,42
4555,11126,19,11,white,13,225399,639
4555,11135,19,11,white,7,12694,16
4555,11136,19,12,white,13,225399,428
4555,11146,19,13,white,13,252070,474
4555,11235,19,12,white,7,20256,47
4555,11236,19,13,white,13,388263,452
4555,11244,19,12,white,7,8386,4
4555,11246,19,14,white,13,438201,589
4555,11255,19,14,white,7,14185,29
4555,11266,19,16,black,10,149175,148
4555,11346,19,15,white,13,438201,726
4555,11355,19,15,white,7,14185,24
4555,11356,19,16,black,12,401395,793
4555,11366,19,17,black,10,149175,355
4555,11466,19,18,black,10,179157,595
4555,12235,19,13,white,7,20356,60
4555,12236,19,14,white,13,362552,935
4555,12246,19,15,white,13,403842,832
4555,12346,19,16,white,13,631519,993
4555,12355,19,16,white,7,20411,38
4555,12366,19,18,black,10,202119,689
4555,12466,19,19,black,10,249522,765
4555,13346,19,17,white,13,403842,1227
4555,13466,19,20,black,10,249522,819
4555,22235,19,14,white,7,12694,15
4555,22236,19,15,white,13,225399,431
4555,22246,19,16,white,13,252070,706
4555,22346,19,17,white,13,438201,1108
4555,22355,19,17,white,7,14185,55
4555,22366,19,19,black,10,149175,470
4555,22466,19,20,black,10,179157,203
4555,23346,19,18,white,13,403842,1516
4555,23466,19,21,black,10,249522,709
4555,33346,19,19,white,13,252070,823
4555,33466,19,22,black,10,179157,667
4666,11124,22,9,white,7,7463,4
4666,11125,22,10,white,7,11146,6
4666,11126,22,11,white,7,12694,16
4666,11135,22,11,white,7,11146,46
4666,11136,22,12,white,7,12694,16
4666,11146,22,13,white,7,12663,27
4666,11235,22,12,white,7,18179,12
4666,11236,22,13,white,7,20256,27
4666,11244,22,12,white,7,8386,43
4666,11246,22,14,white,7,20248,62
4666,11255,22,14,white,7,13233,19
4666,11266,22,16,white,7,14185,8
4666,11346,22,15,white,7,20248,13
4666,11355,22,15,white,7,13233,9
4666,11356,22,16,white,7,19675,47
4666,11366,22,17,white,7,14185,32
4666,11466,22,18,white,7,14623,193
4666,12235,22,13,white,7,18175,50
4666,12236,22,14,white,7,20356,62
4666,12246,22,15,white,7,20344,66
4666,12346,22,16,white,7,29582,85
4666,12355,22,16,white,7,19212,81
4666,12366,22,18,white,7,20411,78
4666,12466,22,19,white,7,20987,87
4666,13346,22,17,white,7,20344,122
4666,13466,22,20,white,7,20987,110
4666,22235,22,14,white,7,11146,83
4666,22236,22,15,white,7,12694,18
4666,22246,22,16,white,7,12663,80
4666,22346,22,17,white,7,20248,97
4666,22355,22,17,white,7,13233,18
4666,22366,22,19,white,7,14185,37
4666,22466,22,20,white,7,14623,20
4666,23346,22,18,white,7,20344,28
4666,23466,22,21,white,7,20987,39
4666,33346,22,19,white,7,12663,29
4666,33466,22,22,white,7,14623,45
5666,11124,23,9,white,7,7477,10
5666,11125,23,10,white,7,7463,10
5666,11126,23,11,white,7,12694,33
5666,11135,23,11,white,7,7463,4
5666,11136,23,12,white,7,12694,7
5666,11146,23,13,white,7,12694,7
5666,11235,23,12,white,7,12176,7
5666,11236,23,13,white,7,20256,310
5666,11244,23,12,white,7,8401,12
5666,11246,23,14,white,7,20256,38
5666,11255,23,14,white,7,8386,39
5666,11266,23,16,white,7,14185,189
5666,11346,23,15,white,7,20256,60
5666,11355,23,15,white,7,8386,5
5666,11356,23,16,white,7,20248,59
5666,11366,23,17,white,7,14185,51
5666,11466,23,18,white,7,14185,9
5666,12235,23,13,white,7,12214,7
5666,12236,23,14,white,7,20356,13
5666,12246,23,15,white,7,20356,35
5666,12346,23,16,white,7,29567,76
5666,12355,23,16,white,7,12223,16
5666,12366,23,18,white,7,20411,212
5666,12466,23,19,white,7,20411,56
5666,13346,23,17,white,7,20356,11
5666,13466,23,20,white,7,20411,60
5666,22235,23,14,white,7,7463,12
5666,22236,23,15,white,7,12694,24
5666,22246,23,16,white,7,12694,244
5666,22346,23,17,white,7,20256,26
5666,22355,23,17,white,7,8386,17
5666,22366,23,19,white,7,14185,15
5666,22466,23,20,white,7,14185,16
5666,23346,23,18,white,7,20356,11
5666,23466,23,21,white,7,20411,26
5666,33346,23,19,white,7,12694,15
5666,33466,23,22,white,7,14185,17
