white,black,regla,ve,gana1,gana2,sindef,turnos
11224,11235,fijo,2,46.37,53.17,0.47,10.62
11224,11235,libre,2,51.20,48.53,0.27,10.15
11224,11335,fijo,2,47.23,52.40,0.37,10.61
11224,11335,libre,2,49.13,50.60,0.27,10.32
11224,11345,fijo,2,39.13,60.83,0.03,10.48
11224,11345,libre,2,43.53,56.30,0.17,10.05
11224,11355,fijo,2,41.93,58.03,0.03,10.38
11224,11355,libre,2,45.80,54.00,0.20,10.10
11224,12235,fijo,2,42.33,57.40,0.27,10.43
11224,12235,libre,2,46.13,53.87,0.00,10.01
11224,12335,fijo,2,41.50,58.37,0.13,10.46
11224,12335,libre,2,45.33,54.50,0.17,9.99
11224,12345,fijo,2,34.47,65.47,0.07,10.25
11224,12345,libre,2,39.67,60.23,0.10,9.88
11224,12355,fijo,2,37.50,62.40,0.10,10.30
11224,12355,libre,2,40.90,59.10,0.00,9.88
11224,13345,fijo,2,33.77,66.17,0.07,10.31
11224,13345,libre,2,39.03,60.93,0.03,9.90
11224,13355,fijo,2,37.63,62.30,0.07,10.29
11224,13355,libre,2,39.50,60.47,0.03,9.90
11224,13445,fijo,2,33.03,66.97,0.00,10.17
11224,13445,libre,2,37.20,62.80,0.00,9.84
11224,13455,fijo,2,32.00,68.00,0.00,10.14
11224,13455,libre,2,36.27,63.73,0.00,9.82
11224,22335,fijo,2,36.57,63.43,0.00,10.33
11224,22335,libre,2,38.87,61.13,0.00,10.04
11224,22345,fijo,2,31.43,68.57,0.00,10.15
11224,22345,libre,2,35.27,64.73,0.00,9.82
11224,22355,fijo,2,33.13,66.87,0.00,10.17
11224,22355,libre,2,37.23,62.77,0.00,9.81
11224,23345,fijo,2,30.30,69.70,0.00,10.07
11224,23345,libre,2,34.43,65.57,0.00,9.79
11224,23355,fijo,2,32.60,67.40,0.00,10.16
11224,23355,libre,2,35.50,64.50,0.00,9.82
11224,23445,fijo,2,28.27,71.73,0.00,10.00
11224,23445,libre,2,32.40,67.60,0.00,9.75
11224,23455,fijo,2,28.43,71.57,0.00,10.00
11224,23455,libre,2,31.53,68.47,0.00,9.73
11224,33445,fijo,2,27.87,72.13,0.00,10.01
11224,33445,libre,2,31.13,68.87,0.00,9.72
11224,33455,fijo,2,27.57,72.43,0.00,10.03
11224,33455,libre,2,31.87,68.13,0.00,9.69
11224,34455,fijo,2,26.67,73.33,0.00,9.93
11224,34455,libre,2,30.83,69.17,0.00,9.57
11234,11225,fijo,2,62.43,36.83,0.73,10.52
11234,11225,libre,2,64.93,34.47,0.60,10.26
11234,11235,fijo,2,55.83,43.77,0.40,10.61
11234,11235,libre,2,58.87,40.67,0.47,10.18
11234,11245,fijo,2,47.47,51.93,0.60,10.61
11234,11245,libre,2,50.43,49.37,0.20,10.15
11234,11255,fijo,2,49.93,49.63,0.43,10.43
11234,11255,libre,2,52.53,47.13,0.33,10.13
11234,11335,fijo,2,52.00,47.73,0.27,10.46
11234,11335,libre,2,53.60,46.07,0.33,10.25
11234,11345,fijo,2,42.77,56.87,0.37,10.51
11234,11345,libre,2,45.70,54.10,0.20,10.08
11234,11355,fijo,2,44.67,55.10,0.23,10.29
11234,11355,libre,2,47.67,52.00,0.33,10.12
11234,11445,fijo,2,40.30,59.67,0.03,10.18
11234,11445,libre,2,43.27,56.70,0.03,9.96
11234,11455,fijo,2,39.20,60.77,0.03,10.15
11234,11455,libre,2,43.27,56.70,0.03,9.93
11234,12235,fijo,2,53.33,46.27,0.40,10.54
11234,12235,libre,2,55.73,43.87,0.40,10.15
11234,12245,fijo,2,45.27,54.57,0.17,10.45
11234,12245,libre,2,48.20,51.53,0.27,10.15
11234,12255,fijo,2,47.67,52.07,0.27,10.27
11234,12255,libre,2,48.60,51.20,0.20,10.06
11234,12335,fijo,2,49.27,50.40,0.33,10.37
11234,12335,libre,2,52.23,47.40,0.37,10.08
11234,12345,fijo,2,40.10,59.83,0.07,10.29
11234,12345,libre,2,43.57,56.17,0.27,10.22
11234,12355,fijo,2,43.17,56.60,0.23,10.37
11234,12355,libre,2,46.13,53.83,0.03,9.96
11234,12445,fijo,2,38.77,61.17,0.07,10.21
11234,12445,libre,2,42.53,57.47,0.00,9.81
11234,12455,fijo,2,37.80,62.20,0.00,10.17
11234,12455,libre,2,40.63,59.37,0.00,9.87
11234,13345,fijo,2,38.50,61.50,0.00,10.29
11234,13345,libre,2,42.23,57.73,0.03,9.89
11234,13355,fijo,2,41.13,58.83,0.03,10.09
11234,13355,libre,2,41.80,58.17,0.03,9.88
11234,13445,fijo,2,35.77,64.23,0.00,10.08
11234,13445,libre,2,40.17,59.83,0.00,9.76
11234,13455,fijo,2,35.83,64.17,0.00,10.08
11234,13455,libre,2,37.50,62.50,0.00,9.83
11234,14455,fijo,2,33.87,66.13,0.00,9.83
11234,14455,libre,2,35.67,64.33,0.00,9.62
11234,22335,fijo,2,45.43,54.20,0.37,10.45
11234,22335,libre,2,46.63,53.20,0.17,10.20
11234,22345,fijo,2,37.03,62.87,0.10,10.30
11234,22345,libre,2,40.30,59.67,0.03,10.01
11234,22355,fijo,2,39.43,60.43,0.13,10.27
11234,22355,libre,2,41.20,58.67,0.13,10.04
11234,22445,fijo,2,35.97,64.03,0.00,10.08
11234,22445,libre,2,37.07,62.87,0.07,9.95
11234,22455,fijo,2,34.73,65.27,0.00,10.11
11234,22455,libre,2,37.37,62.63,0.00,9.87
11234,23345,fijo,2,34.47,65.53,0.00,10.29
11234,23345,libre,2,39.67,60.33,0.00,9.88
11234,23355,fijo,2,37.40,62.57,0.03,10.11
11234,23355,libre,2,39.10,60.87,0.03,9.91
11234,23445,fijo,2,32.63,67.37,0.00,10.09
11234,23445,libre,2,37.70,62.30,0.00,9.72
11234,23455,fijo,2,32.47,67.53,0.00,10.06
11234,23455,libre,2,35.93,64.07,0.00,9.81
11234,24455,fijo,2,31.00,69.00,0.00,9.85
11234,24455,libre,2,33.17,66.83,0.00,9.63
11234,33445,fijo,2,31.63,68.37,0.00,9.86
11234,33445,libre,2,32.53,67.47,0.00,9.72
11234,33455,fijo,2,31.27,68.73,0.00,9.89
11234,33455,libre,2,33.30,66.70,0.00,9.64
11234,34455,fijo,2,28.97,71.03,0.00,9.74
11234,34455,libre,2,31.23,68.77,0.00,9.52
11244,11235,fijo,2,56.60,42.60,0.80,10.74
11244,11235,libre,2,58.00,41.33,0.67,10.39
11244,11335,fijo,2,54.20,45.10,0.70,10.77
11244,11335,libre,2,57.63,41.73,0.63,10.46
11244,11345,fijo,2,47.20,52.50,0.30,10.59
11244,11345,libre,2,50.13,49.30,0.57,10.28
11244,11355,fijo,2,43.63,56.17,0.20,10.67
11244,11355,libre,2,48.33,51.43,0.23,10.27
11244,12235,fijo,2,52.40,47.13,0.47,10.64
11244,12235,libre,2,55.27,43.93,0.80,10.38
11244,12335,fijo,2,52.80,46.63,0.57,10.65
11244,12335,libre,2,52.83,46.60,0.57,10.36
11244,12345,fijo,2,43.73,56.03,0.23,10.40
11244,12345,libre,2,47.13,52.37,0.50,10.17
11244,12355,fijo,2,44.60,55.07,0.33,10.45
11244,12355,libre,2,46.53,53.40,0.07,10.11
11244,13345,fijo,2,42.70,57.07,0.23,10.54
11244,13345,libre,2,46.17,53.53,0.30,10.27
11244,13355,fijo,2,40.93,58.80,0.27,10.55
11244,13355,libre,2,44.70,55.13,0.17,10.09
11244,13445,fijo,2,38.40,61.53,0.07,10.32
11244,13445,libre,2,40.87,59.13,0.00,9.98
11244,13455,fijo,2,38.57,61.37,0.07,10.19
11244,13455,libre,2,40.47,59.53,0.00,9.94
11244,22335,fijo,2,45.60,54.10,0.30,10.64
11244,22335,libre,2,49.63,50.00,0.37,10.36
11244,22345,fijo,2,40.60,59.23,0.17,10.44
11244,22345,libre,2,43.33,56.43,0.23,10.21
11244,22355,fijo,2,37.90,62.03,0.07,10.46
11244,22355,libre,2,42.40,57.53,0.07,10.17
11244,23345,fijo,2,39.17,60.63,0.20,10.45
11244,23345,libre,2,43.40,56.43,0.17,10.17
11244,23355,fijo,2,36.97,62.93,0.10,10.50
11244,23355,libre,2,41.33,58.63,0.03,10.12
11244,23445,fijo,2,35.97,64.00,0.03,10.19
11244,23445,libre,2,38.73,61.27,0.00,9.94
11244,23455,fijo,2,35.87,64.07,0.07,10.13
11244,23455,libre,2,39.00,61.00,0.00,9.92
11244,33445,fijo,2,33.60,66.40,0.00,10.25
11244,33445,libre,2,36.57,63.43,0.00,9.98
11244,33455,fijo,2,32.57,67.40,0.03,10.23
11244,33455,libre,2,36.60,63.40,0.00,9.95
11244,34455,fijo,2,29.17,70.83,0.00,10.07
11244,34455,libre,2,33.00,67.00,0.00,9.78
11334,11225,fijo,2,65.10,34.23,0.67,10.64
11334,11225,libre,2,66.87,32.53,0.60,10.40
11334,11235,fijo,2,57.70,41.73,0.57,10.70
11334,11235,libre,2,59.77,39.83,0.40,10.17
11334,11245,fijo,2,46.23,53.27,0.50,10.78
11334,11245,libre,2,51.17,48.47,0.37,10.23
11334,11255,fijo,2,49.40,50.07,0.53,10.69
11334,11255,libre,2,51.83,47.73,0.43,10.22
11334,12235,fijo,2,56.47,42.77,0.77,10.69
11334,12235,libre,2,57.97,41.63,0.40,10.27
11334,12245,fijo,2,44.90,54.73,0.37,10.71
11334,12245,libre,2,49.93,49.83,0.23,10.30
11334,12255,fijo,2,48.03,51.50,0.47,10.75
11334,12255,libre,2,49.40,50.17,0.43,10.25
11334,12335,fijo,2,53.87,45.77,0.37,10.68
11334,12335,libre,2,54.77,44.83,0.40,10.19
11334,12345,fijo,2,41.83,57.80,0.37,10.58
11334,12345,libre,2,46.07,53.63,0.30,10.06
11334,12355,fijo,2,45.37,54.27,0.37,10.46
11334,12355,libre,2,46.90,52.90,0.20,9.99
11334,12445,fijo,2,38.20,61.77,0.03,10.42
11334,12445,libre,2,42.77,57.23,0.00,9.94
11334,12455,fijo,2,37.47,62.50,0.03,10.32
11334,12455,libre,2,41.90,58.10,0.00,9.93
11334,22335,fijo,2,50.43,49.03,0.53,10.82
11334,22335,libre,2,51.90,47.67,0.43,10.53
11334,22345,fijo,2,38.50,61.27,0.23,10.57
11334,22345,libre,2,42.93,57.00,0.07,10.19
11334,22355,fijo,2,41.77,58.17,0.07,10.57
11334,22355,libre,2,44.77,54.83,0.40,10.31
11334,22445,fijo,2,35.50,64.43,0.07,10.40
11334,22445,libre,2,39.20,60.80,0.00,10.14
11334,22455,fijo,2,35.00,64.97,0.03,10.45
11334,22455,libre,2,39.83,60.17,0.00,10.11
11334,23345,fijo,2,35.97,63.87,0.17,10.42
11334,23345,libre,2,40.93,59.07,0.00,10.08
11334,23355,fijo,2,39.17,60.83,0.00,10.38
11334,23355,libre,2,42.33,57.63,0.03,10.01
11334,23445,fijo,2,32.67,67.33,0.00,10.26
11334,23445,libre,2,37.80,62.20,0.00,9.92
11334,23455,fijo,2,32.80,67.20,0.00,10.24
11334,23455,libre,2,36.17,63.83,0.00,9.94
11334,24455,fijo,2,31.23,68.77,0.00,10.09
11334,24455,libre,2,34.60,65.40,0.00,9.78
11344,11225,fijo,2,63.70,35.93,0.37,10.62
11344,11225,libre,2,66.40,33.03,0.57,10.37
11344,11235,fijo,2,61.63,37.70,0.67,10.72
11344,11235,libre,2,63.37,36.10,0.53,10.32
11344,11245,fijo,2,51.43,47.97,0.60,10.63
11344,11245,libre,2,55.03,44.50,0.47,10.37
11344,11255,fijo,2,47.50,52.13,0.37,10.67
11344,11255,libre,2,51.83,47.83,0.33,10.31
11344,12235,fijo,2,59.53,39.27,1.20,10.92
11344,12235,libre,2,62.00,37.33,0.67,10.43
11344,12245,fijo,2,49.03,50.40,0.57,10.65
11344,12245,libre,2,52.63,46.90,0.47,10.42
11344,12255,fijo,2,46.57,52.93,0.50,10.71
11344,12255,libre,2,49.83,49.67,0.50,10.25
11344,12335,fijo,2,58.83,40.40,0.77,10.74
11344,12335,libre,2,59.60,39.77,0.63,10.27
11344,12345,fijo,2,48.60,51.10,0.30,10.48
11344,12345,libre,2,50.50,49.03,0.47,10.26
11344,12355,fijo,2,48.33,51.33,0.33,10.52
11344,12355,libre,2,50.47,49.33,0.20,10.11
11344,12445,fijo,2,41.83,58.13,0.03,10.42
11344,12445,libre,2,44.20,55.77,0.03,10.05
11344,12455,fijo,2,41.83,58.10,0.07,10.27
11344,12455,libre,2,43.57,56.43,0.00,9.97
11344,22335,fijo,2,53.00,45.93,1.07,10.93
11344,22335,libre,2,56.23,43.23,0.53,10.49
11344,22345,fijo,2,46.53,52.87,0.60,10.69
11344,22345,libre,2,47.83,51.47,0.70,10.46
11344,22355,fijo,2,43.07,56.63,0.30,10.71
11344,22355,libre,2,47.13,52.67,0.20,10.38
11344,22445,fijo,2,37.90,62.10,0.00,10.42
11344,22445,libre,2,40.83,59.13,0.03,10.20
11344,22455,fijo,2,36.63,63.33,0.03,10.39
11344,22455,libre,2,40.23,59.77,0.00,10.15
11344,23345,fijo,2,43.47,56.13,0.40,10.53
11344,23345,libre,2,46.87,52.60,0.53,10.38
11344,23355,fijo,2,41.50,58.30,0.20,10.61
11344,23355,libre,2,45.57,54.23,0.20,10.13
11344,23445,fijo,2,38.50,61.47,0.03,10.34
11344,23445,libre,2,40.17,59.80,0.03,10.06
11344,23455,fijo,2,38.73,61.20,0.07,10.24
11344,23455,libre,2,40.43,59.57,0.00,10.02
11344,24455,fijo,2,31.60,68.40,0.00,10.17
11344,24455,libre,2,34.77,65.23,0.00,9.86
12234,11225,fijo,2,67.13,32.30,0.57,10.47
12234,11225,libre,2,69.87,29.77,0.37,9.87
12234,11235,fijo,2,57.60,41.63,0.77,10.74
12234,11235,libre,2,59.13,40.37,0.50,10.15
12234,11245,fijo,2,49.97,49.17,0.87,10.77
12234,11245,libre,2,52.87,46.63,0.50,10.21
12234,11255,fijo,2,51.63,47.53,0.83,10.62
12234,11255,libre,2,57.33,42.20,0.47,9.95
12234,11335,fijo,2,52.47,47.07,0.47,10.65
12234,11335,libre,2,56.23,43.30,0.47,10.12
12234,11345,fijo,2,43.27,55.97,0.77,10.74
12234,11345,libre,2,47.97,51.87,0.17,10.01
12234,11355,fijo,2,45.03,54.40,0.57,10.52
12234,11355,libre,2,50.90,48.73,0.37,10.06
12234,11445,fijo,2,40.93,59.03,0.03,10.26
12234,11445,libre,2,45.60,54.37,0.03,9.94
12234,11455,fijo,2,40.33,59.63,0.03,10.26
12234,11455,libre,2,46.23,53.77,0.00,9.94
12234,12235,fijo,2,56.30,43.40,0.30,10.56
12234,12235,libre,2,58.63,41.17,0.20,10.10
12234,12245,fijo,2,48.33,51.40,0.27,10.51
12234,12245,libre,2,51.73,47.97,0.30,10.13
12234,12255,fijo,2,49.73,49.87,0.40,10.40
12234,12255,libre,2,52.97,46.83,0.20,9.90
12234,12335,fijo,2,50.93,48.57,0.50,10.45
12234,12335,libre,2,52.83,46.90,0.27,10.03
12234,12345,fijo,2,41.23,58.67,0.10,10.33
12234,12345,libre,2,44.63,55.03,0.33,9.97
12234,12355,fijo,2,44.83,54.90,0.27,10.43
12234,12355,libre,2,47.67,52.23,0.10,9.93
12234,12445,fijo,2,40.97,59.03,0.00,10.19
12234,12445,libre,2,44.63,55.33,0.03,9.84
12234,12455,fijo,2,40.13,59.87,0.00,10.17
12234,12455,libre,2,43.33,56.67,0.00,9.82
12234,13345,fijo,2,40.03,59.97,0.00,10.37
12234,13345,libre,2,44.17,55.77,0.07,9.91
12234,13355,fijo,2,41.43,58.53,0.03,10.32
12234,13355,libre,2,45.10,54.90,0.00,9.87
12234,13445,fijo,2,36.47,63.53,0.00,10.15
12234,13445,libre,2,41.03,58.93,0.03,9.80
12234,13455,fijo,2,35.97,64.03,0.00,10.18
12234,13455,libre,2,40.20,59.80,0.00,9.81
12234,14455,fijo,2,34.97,65.03,0.00,9.95
12234,14455,libre,2,38.27,61.73,0.00,9.64
12234,22335,fijo,2,44.37,55.27,0.37,10.57
12234,22335,libre,2,48.73,51.17,0.10,10.07
12234,22345,fijo,2,38.13,61.77,0.10,10.40
12234,22345,libre,2,41.67,58.23,0.10,9.91
12234,22355,fijo,2,38.73,61.20,0.07,10.31
12234,22355,libre,2,44.10,55.87,0.03,9.98
12234,22445,fijo,2,34.30,65.67,0.03,10.19
12234,22445,libre,2,38.43,61.57,0.00,9.91
12234,22455,fijo,2,34.47,65.50,0.03,10.09
12234,22455,libre,2,39.67,60.33,0.00,9.91
12234,23345,fijo,2,35.50,64.50,0.00,10.27
12234,23345,libre,2,40.10,59.87,0.03,9.88
12234,23355,fijo,2,36.50,63.50,0.00,10.22
12234,23355,libre,2,41.20,58.80,0.00,9.87
12234,23445,fijo,2,32.57,67.43,0.00,10.11
12234,23445,libre,2,38.27,61.73,0.00,9.71
12234,23455,fijo,2,32.70,67.30,0.00,10.11
12234,23455,libre,2,37.27,62.73,0.00,9.80
12234,24455,fijo,2,30.50,69.50,0.00,9.92
12234,24455,libre,2,34.50,65.50,0.00,9.61
12234,33445,fijo,2,29.80,70.20,0.00,9.95
12234,33445,libre,2,34.03,65.97,0.00,9.70
12234,33455,fijo,2,30.10,69.90,0.00,9.90
12234,33455,libre,2,34.83,65.17,0.00,9.70
12234,34455,fijo,2,28.70,71.30,0.00,9.82
12234,34455,libre,2,31.73,68.27,0.00,9.56
12244,11235,fijo,2,59.33,40.07,0.60,10.68
12244,11235,libre,2,63.20,36.17,0.63,10.25
12244,11335,fijo,2,57.73,41.13,1.13,10.81
12244,11335,libre,2,60.47,38.93,0.60,10.28
12244,11345,fijo,2,48.10,51.50,0.40,10.72
12244,11345,libre,2,51.70,47.80,0.50,10.30
12244,11355,fijo,2,48.47,51.13,0.40,10.59
12244,11355,libre,2,51.90,47.60,0.50,10.28
12244,12235,fijo,2,54.83,44.50,0.67,10.61
12244,12235,libre,2,58.77,40.83,0.40,10.14
12244,12335,fijo,2,54.63,44.80,0.57,10.60
12244,12335,libre,2,56.93,42.53,0.53,10.20
12244,12345,fijo,2,45.47,54.27,0.27,10.40
12244,12345,libre,2,50.10,49.57,0.33,10.02
12244,12355,fijo,2,45.60,54.23,0.17,10.31
12244,12355,libre,2,47.67,52.10,0.23,10.10
12244,13345,fijo,2,43.10,56.43,0.47,10.60
12244,13345,libre,2,47.80,51.73,0.47,10.23
12244,13355,fijo,2,43.10,56.33,0.57,10.67
12244,13355,libre,2,47.80,52.00,0.20,10.15
12244,13445,fijo,2,40.47,59.47,0.07,10.37
12244,13445,libre,2,42.90,57.03,0.07,10.00
12244,13455,fijo,2,39.10,60.90,0.00,10.20
12244,13455,libre,2,41.03,58.97,0.00,9.94
12244,22335,fijo,2,49.57,50.00,0.43,10.61
12244,22335,libre,2,52.50,47.10,0.40,10.28
12244,22345,fijo,2,40.50,59.20,0.30,10.46
12244,22345,libre,2,44.37,55.50,0.13,10.10
12244,22355,fijo,2,41.47,58.37,0.17,10.33
12244,22355,libre,2,44.10,55.73,0.17,10.07
12244,23345,fijo,2,38.87,60.97,0.17,10.46
12244,23345,libre,2,44.13,55.73,0.13,10.01
12244,23355,fijo,2,38.90,60.93,0.17,10.46
12244,23355,libre,2,42.37,57.60,0.03,10.01
12244,23445,fijo,2,35.83,64.13,0.03,10.27
12244,23445,libre,2,39.27,60.73,0.00,9.86
12244,23455,fijo,2,35.27,64.73,0.00,10.10
12244,23455,libre,2,37.43,62.57,0.00,9.86
12244,33445,fijo,2,34.23,65.70,0.07,10.32
12244,33445,libre,2,37.33,62.63,0.03,10.03
12244,33455,fijo,2,33.30,66.70,0.00,10.24
12244,33455,libre,2,36.37,63.63,0.00,9.98
12244,34455,fijo,2,29.03,70.97,0.00,10.06
12244,34455,libre,2,32.97,67.00,0.03,9.76
12334,11225,fijo,2,70.70,29.00,0.30,10.40
12334,11225,libre,2,72.87,26.87,0.27,9.87
12334,11235,fijo,2,63.63,35.63,0.73,10.63
12334,11235,libre,2,65.27,34.00,0.73,10.18
12334,11245,fijo,2,52.07,46.80,1.13,10.84
12334,11245,libre,2,56.30,43.03,0.67,10.27
12334,11255,fijo,2,54.10,45.17,0.73,10.51
12334,11255,libre,2,57.57,41.97,0.47,10.02
12334,11335,fijo,2,56.10,43.47,0.43,10.45
12334,11335,libre,2,59.73,39.93,0.33,10.13
12334,11345,fijo,2,45.10,54.50,0.40,10.56
12334,11345,libre,2,49.50,50.00,0.50,10.16
12334,11355,fijo,2,47.37,52.27,0.37,10.35
12334,11355,libre,2,51.10,48.63,0.27,9.97
12334,11445,fijo,2,40.87,59.07,0.07,10.20
12334,11445,libre,2,45.40,54.53,0.07,9.99
12334,11455,fijo,2,40.50,59.50,0.00,10.18
12334,11455,libre,2,45.43,54.53,0.03,9.90
12334,12235,fijo,2,61.03,38.27,0.70,10.60
12334,12235,libre,2,63.57,35.63,0.80,10.12
12334,12245,fijo,2,50.87,48.43,0.70,10.69
12334,12245,libre,2,55.03,44.60,0.37,10.16
12334,12255,fijo,2,52.20,47.40,0.40,10.37
12334,12255,libre,2,54.73,44.67,0.60,10.07
12334,12335,fijo,2,55.97,43.53,0.50,10.45
12334,12335,libre,2,57.97,41.47,0.57,10.09
12334,12345,fijo,2,44.57,54.93,0.50,10.44
12334,12345,libre,2,48.90,50.77,0.33,10.13
12334,12355,fijo,2,46.37,53.07,0.57,10.43
12334,12355,libre,2,50.63,49.20,0.17,9.87
12334,12445,fijo,2,41.47,58.53,0.00,10.19
12334,12445,libre,2,46.50,53.50,0.00,9.91
12334,12455,fijo,2,40.17,59.83,0.00,10.21
12334,12455,libre,2,45.17,54.83,0.00,9.83
12334,13345,fijo,2,41.23,58.67,0.10,10.33
12334,13345,libre,2,44.90,55.10,0.00,9.99
12334,13355,fijo,2,43.73,56.23,0.03,10.09
12334,13355,libre,2,46.27,53.67,0.07,9.89
12334,13445,fijo,2,36.93,63.07,0.00,10.10
12334,13445,libre,2,42.20,57.80,0.00,9.82
12334,13455,fijo,2,36.17,63.83,0.00,10.10
12334,13455,libre,2,41.03,58.97,0.00,9.77
12334,14455,fijo,2,34.43,65.57,0.00,9.94
12334,14455,libre,2,37.60,62.40,0.00,9.70
12334,22335,fijo,2,50.93,48.67,0.40,10.44
12334,22335,libre,2,54.70,45.00,0.30,10.20
12334,22345,fijo,2,41.00,58.80,0.20,10.42
12334,22345,libre,2,44.90,55.03,0.07,9.99
12334,22355,fijo,2,44.70,55.13,0.17,10.24
12334,22355,libre,2,47.20,52.73,0.07,9.95
12334,22445,fijo,2,37.00,63.00,0.00,10.13
12334,22445,libre,2,41.13,58.83,0.03,10.01
12334,22455,fijo,2,37.80,62.20,0.00,10.10
12334,22455,libre,2,42.20,57.80,0.00,9.91
12334,23345,fijo,2,38.07,61.83,0.10,10.28
12334,23345,libre,2,42.63,57.37,0.00,9.95
12334,23355,fijo,2,41.47,58.53,0.00,10.06
12334,23355,libre,2,43.57,56.40,0.03,9.89
12334,23445,fijo,2,34.70,65.30,0.00,10.14
12334,23445,libre,2,40.13,59.87,0.00,9.82
12334,23455,fijo,2,34.13,65.87,0.00,10.10
12334,23455,libre,2,39.37,60.63,0.00,9.83
12334,24455,fijo,2,32.57,67.43,0.00,9.92
12334,24455,libre,2,35.37,64.63,0.00,9.71
12334,33445,fijo,2,31.17,68.83,0.00,9.88
12334,33445,libre,2,33.63,66.37,0.00,9.83
12334,33455,fijo,2,30.90,69.10,0.00,9.88
12334,33455,libre,2,35.03,64.97,0.00,9.74
12334,34455,fijo,2,28.47,71.53,0.00,9.81
12334,34455,libre,2,31.37,68.63,0.00,9.62
12344,11225,fijo,2,70.63,28.83,0.53,10.39
12344,11225,libre,2,72.30,27.27,0.43,9.93
12344,11235,fijo,2,64.27,35.03,0.70,10.53
12344,11235,libre,2,66.10,33.30,0.60,10.17
12344,11245,fijo,2,54.67,44.60,0.73,10.66
12344,11245,libre,2,57.43,41.80,0.77,10.27
12344,11255,fijo,2,53.10,45.90,1.00,10.64
12344,11255,libre,2,56.10,43.50,0.40,10.10
12344,11335,fijo,2,61.40,38.30,0.30,10.49
12344,11335,libre,2,63.40,36.00,0.60,10.19
12344,11345,fijo,2,49.50,49.80,0.70,10.77
12344,11345,libre,2,53.77,45.73,0.50,10.22
12344,11355,fijo,2,48.33,51.00,0.67,10.48
12344,11355,libre,2,52.57,47.10,0.33,10.06
12344,11445,fijo,2,43.00,56.93,0.07,10.36
12344,11445,libre,2,46.80,53.13,0.07,9.94
12344,11455,fijo,2,40.10,59.90,0.00,10.21
12344,11455,libre,2,45.77,54.23,0.00,9.87
12344,12235,fijo,2,63.00,36.37,0.63,10.57
12344,12235,libre,2,64.20,35.13,0.67,10.14
12344,12245,fijo,2,52.43,47.00,0.57,10.66
12344,12245,libre,2,55.77,43.83,0.40,10.12
12344,12255,fijo,2,52.33,46.90,0.77,10.46
12344,12255,libre,2,54.73,44.90,0.37,9.93
12344,12335,fijo,2,59.00,40.17,0.83,10.68
12344,12335,libre,2,61.50,37.90,0.60,10.10
12344,12345,fijo,2,46.70,52.63,0.67,10.56
12344,12345,libre,2,52.83,46.57,0.60,10.10
12344,12355,fijo,2,48.03,51.40,0.57,10.46
12344,12355,libre,2,52.07,47.67,0.27,9.93
12344,12445,fijo,2,43.20,56.73,0.07,10.32
12344,12445,libre,2,48.13,51.73,0.13,9.96
12344,12455,fijo,2,40.50,59.50,0.00,10.14
12344,12455,libre,2,45.47,54.47,0.07,9.79
12344,13345,fijo,2,46.27,53.33,0.40,10.64
12344,13345,libre,2,50.23,49.43,0.33,10.12
12344,13355,fijo,2,46.60,53.20,0.20,10.26
12344,13355,libre,2,48.53,51.37,0.10,9.93
12344,13445,fijo,2,39.90,60.07,0.03,10.25
12344,13445,libre,2,45.37,54.57,0.07,9.96
12344,13455,fijo,2,38.00,61.97,0.03,10.11
12344,13455,libre,2,43.13,56.77,0.10,9.81
12344,14455,fijo,2,35.77,64.23,0.00,9.91
12344,14455,libre,2,39.80,60.20,0.00,9.61
12344,22335,fijo,2,55.53,43.87,0.60,10.69
12344,22335,libre,2,57.93,41.47,0.60,10.27
12344,22345,fijo,2,44.57,54.90,0.53,10.65
12344,22345,libre,2,49.93,49.70,0.37,10.16
12344,22355,fijo,2,43.63,56.07,0.30,10.44
12344,22355,libre,2,48.40,51.43,0.17,9.98
12344,22445,fijo,2,38.23,61.67,0.10,10.37
12344,22445,libre,2,42.53,57.40,0.07,9.98
12344,22455,fijo,2,36.70,63.27,0.03,10.21
12344,22455,libre,2,42.60,57.40,0.00,9.86
12344,23345,fijo,2,43.20,56.57,0.23,10.54
12344,23345,libre,2,48.47,51.33,0.20,10.10
12344,23355,fijo,2,43.40,56.47,0.13,10.32
12344,23355,libre,2,45.73,54.23,0.03,9.94
12344,23445,fijo,2,37.77,62.23,0.00,10.23
12344,23445,libre,2,43.43,56.53,0.03,9.95
12344,23455,fijo,2,36.20,63.77,0.03,10.08
12344,23455,libre,2,41.70,58.27,0.03,9.85
12344,24455,fijo,2,32.97,67.03,0.00,9.95
12344,24455,libre,2,37.53,62.47,0.00,9.65
12344,33445,fijo,2,34.47,65.50,0.03,10.14
12344,33445,libre,2,38.47,61.50,0.03,9.87
12344,33455,fijo,2,32.93,67.07,0.00,10.10
12344,33455,libre,2,37.57,62.43,0.00,9.76
12344,34455,fijo,2,30.47,69.53,0.00,9.91
12344,34455,libre,2,35.57,64.43,0.00,9.65
13344,11225,fijo,2,72.77,26.73,0.50,10.47
13344,11225,libre,2,74.17,25.47,0.37,9.92
13344,11235,fijo,2,69.20,30.07,0.73,10.50
13344,11235,libre,2,70.37,29.23,0.40,10.01
13344,11245,fijo,2,57.00,42.27,0.73,10.70
13344,11245,libre,2,59.87,39.40,0.73,10.25
13344,11255,fijo,2,55.53,43.93,0.53,10.59
13344,11255,libre,2,58.10,41.23,0.67,10.27
13344,12235,fijo,2,67.23,31.90,0.87,10.52
13344,12235,libre,2,69.10,30.30,0.60,9.99
13344,12245,fijo,2,55.80,43.33,0.87,10.66
13344,12245,libre,2,58.37,40.97,0.67,10.22
13344,12255,fijo,2,53.63,45.37,1.00,10.79
13344,12255,libre,2,56.10,43.23,0.67,10.18
13344,12335,fijo,2,65.50,33.87,0.63,10.56
13344,12335,libre,2,66.80,32.90,0.30,9.99
13344,12345,fijo,2,51.57,47.60,0.83,10.53
13344,12345,libre,2,55.57,43.87,0.57,10.07
13344,12355,fijo,2,52.37,46.93,0.70,10.34
13344,12355,libre,2,53.30,46.37,0.33,10.10
13344,12445,fijo,2,45.57,54.37,0.07,10.43
13344,12445,libre,2,49.00,50.87,0.13,10.03
13344,12455,fijo,2,43.90,56.10,0.00,10.22
13344,12455,libre,2,46.07,53.90,0.03,9.93
13344,22335,fijo,2,62.50,36.87,0.63,10.67
13344,22335,libre,2,65.17,34.37,0.47,10.21
13344,22345,fijo,2,48.83,50.77,0.40,10.64
13344,22345,libre,2,53.73,45.53,0.73,10.34
13344,22355,fijo,2,48.93,50.33,0.73,10.64
13344,22355,libre,2,52.10,47.47,0.43,10.33
13344,22445,fijo,2,40.47,59.43,0.10,10.46
13344,22445,libre,2,44.93,54.97,0.10,10.21
13344,22455,fijo,2,40.07,59.90,0.03,10.31
13344,22455,libre,2,44.23,55.77,0.00,10.16
13344,23345,fijo,2,46.27,53.43,0.30,10.49
13344,23345,libre,2,51.37,48.43,0.20,10.14
13344,23355,fijo,2,46.30,53.07,0.63,10.53
13344,23355,libre,2,49.23,50.53,0.23,10.05
13344,23445,fijo,2,41.57,58.37,0.07,10.29
13344,23445,libre,2,44.37,55.57,0.07,9.99
13344,23455,fijo,2,39.80,60.20,0.00,10.11
13344,23455,libre,2,42.57,57.43,0.00,9.91
13344,24455,fijo,2,32.77,67.23,0.00,10.12
13344,24455,libre,2,37.40,62.60,0.00,9.82
22334,11225,fijo,2,77.60,22.37,0.03,10.17
22334,11225,libre,2,77.27,22.73,0.00,9.73
22334,11235,fijo,2,65.70,33.40,0.90,10.60
22334,11235,libre,2,67.97,31.70,0.33,10.06
22334,11245,fijo,2,55.20,43.87,0.93,10.78
22334,11245,libre,2,58.70,40.57,0.73,10.29
22334,11255,fijo,2,58.33,40.80,0.87,10.57
22334,11255,libre,2,60.23,39.33,0.43,10.16
22334,11335,fijo,2,59.23,40.07,0.70,10.71
22334,11335,libre,2,60.90,38.57,0.53,10.46
22334,11345,fijo,2,44.80,54.57,0.63,10.78
22334,11345,libre,2,50.87,48.73,0.40,10.29
22334,11355,fijo,2,48.60,50.67,0.73,10.61
22334,11355,libre,2,51.73,47.80,0.47,10.28
22334,11445,fijo,2,42.90,56.97,0.13,10.38
22334,11445,libre,2,46.10,53.87,0.03,10.17
22334,11455,fijo,2,42.07,57.87,0.07,10.39
22334,11455,libre,2,45.70,54.30,0.00,10.10
22334,12235,fijo,2,64.70,35.00,0.30,10.40
22334,12235,libre,2,65.97,33.77,0.27,10.04
22334,12245,fijo,2,53.43,45.73,0.83,10.69
22334,12245,libre,2,56.37,43.07,0.57,10.24
22334,12255,fijo,2,55.90,43.30,0.80,10.49
22334,12255,libre,2,57.57,42.13,0.30,9.94
22334,12335,fijo,2,58.07,41.30,0.63,10.53
22334,12335,libre,2,60.07,39.53,0.40,10.05
22334,12345,fijo,2,46.23,53.37,0.40,10.55
22334,12345,libre,2,49.73,49.93,0.33,10.03
22334,12355,fijo,2,49.37,50.13,0.50,10.41
22334,12355,libre,2,50.50,49.33,0.17,9.93
22334,12445,fijo,2,43.20,56.70,0.10,10.31
22334,12445,libre,2,47.13,52.87,0.00,9.85
22334,12455,fijo,2,41.97,57.97,0.07,10.21
22334,12455,libre,2,45.30,54.70,0.00,9.84
22334,13345,fijo,2,40.13,59.77,0.10,10.42
22334,13345,libre,2,44.97,54.93,0.10,10.08
22334,13355,fijo,2,43.17,56.80,0.03,10.36
22334,13355,libre,2,46.13,53.83,0.03,9.96
22334,13445,fijo,2,36.57,63.43,0.00,10.25
22334,13445,libre,2,41.70,58.30,0.00,9.85
22334,13455,fijo,2,35.73,64.27,0.00,10.22
22334,13455,libre,2,40.10,59.90,0.00,9.86
22334,14455,fijo,2,34.57,65.43,0.00,10.03
22334,14455,libre,2,38.10,61.90,0.00,9.74
22344,11225,fijo,2,76.73,23.23,0.03,10.21
22344,11225,libre,2,76.37,23.63,0.00,9.84
22344,11235,fijo,2,69.27,30.20,0.53,10.46
22344,11235,libre,2,70.50,29.33,0.17,10.06
22344,11245,fijo,2,58.57,40.53,0.90,10.66
22344,11245,libre,2,62.10,37.20,0.70,10.31
22344,11255,fijo,2,56.40,42.93,0.67,10.61
22344,11255,libre,2,59.70,39.73,0.57,10.18
22344,11335,fijo,2,62.80,36.60,0.60,10.80
22344,11335,libre,2,64.83,34.20,0.97,10.49
22344,11345,fijo,2,52.53,46.53,0.93,10.76
22344,11345,libre,2,56.10,43.17,0.73,10.48
22344,11355,fijo,2,49.93,49.00,1.07,10.88
22344,11355,libre,2,54.00,45.27,0.73,10.38
22344,11445,fijo,2,44.73,55.20,0.07,10.50
22344,11445,libre,2,46.77,53.17,0.07,10.20
22344,11455,fijo,2,42.67,57.30,0.03,10.36
22344,11455,libre,2,46.57,53.43,0.00,10.08
22344,12235,fijo,2,67.80,31.70,0.50,10.40
22344,12235,libre,2,68.77,30.87,0.37,10.13
22344,12245,fijo,2,56.40,43.07,0.53,10.50
22344,12245,libre,2,59.07,40.13,0.80,10.35
22344,12255,fijo,2,54.13,45.13,0.73,10.51
22344,12255,libre,2,56.17,43.33,0.50,10.08
22344,12335,fijo,2,62.93,36.07,1.00,10.61
22344,12335,libre,2,64.03,35.60,0.37,10.12
22344,12345,fijo,2,52.67,46.77,0.57,10.53
22344,12345,libre,2,54.53,45.00,0.47,10.21
22344,12355,fijo,2,51.83,47.57,0.60,10.43
22344,12355,libre,2,53.27,46.40,0.33,10.07
22344,12445,fijo,2,45.10,54.80,0.10,10.32
22344,12445,libre,2,48.47,51.50,0.03,10.00
22344,12455,fijo,2,45.20,54.80,0.00,10.11
22344,12455,libre,2,46.83,53.17,0.00,9.87
22344,13345,fijo,2,47.47,51.87,0.67,10.62
22344,13345,libre,2,51.17,48.10,0.73,10.44
22344,13355,fijo,2,45.13,54.53,0.33,10.60
22344,13355,libre,2,49.50,50.30,0.20,10.12
22344,13445,fijo,2,41.83,58.07,0.10,10.37
22344,13445,libre,2,44.20,55.70,0.10,10.06
22344,13455,fijo,2,41.27,58.67,0.07,10.22
22344,13455,libre,2,43.03,56.97,0.00,9.99
22344,14455,fijo,2,34.57,65.43,0.00,10.14
22344,14455,libre,2,38.50,61.50,0.00,9.78
23344,11225,fijo,2,79.33,20.60,0.07,10.19
23344,11225,libre,2,78.57,21.43,0.00,9.54
23344,11235,fijo,2,73.57,26.00,0.43,10.36
23344,11235,libre,2,74.13,25.73,0.13,9.84
23344,11245,fijo,2,61.37,37.93,0.70,10.70
23344,11245,libre,2,64.33,35.00,0.67,10.19
23344,11255,fijo,2,60.60,38.37,1.03,10.67
23344,11255,libre,2,62.77,36.43,0.80,10.18
23344,11335,fijo,2,67.53,32.07,0.40,10.49
23344,11335,libre,2,69.83,29.93,0.23,9.93
23344,11345,fijo,2,53.23,46.03,0.73,10.73
23344,11345,libre,2,58.10,41.23,0.67,10.25
23344,11355,fijo,2,53.80,45.33,0.87,10.61
23344,11355,libre,2,57.70,41.70,0.60,10.26
23344,11445,fijo,2,44.87,55.00,0.13,10.44
23344,11445,libre,2,49.27,50.67,0.07,10.07
23344,11455,fijo,2,44.90,55.07,0.03,10.37
23344,11455,libre,2,48.47,51.50,0.03,10.08
23344,12235,fijo,2,71.30,28.30,0.40,10.27
23344,12235,libre,2,72.47,27.27,0.27,9.83
23344,12245,fijo,2,59.87,39.37,0.77,10.57
23344,12245,libre,2,61.90,37.40,0.70,10.14
23344,12255,fijo,2,58.43,40.47,1.10,10.61
23344,12255,libre,2,60.30,38.90,0.80,9.99
23344,12335,fijo,2,68.50,31.23,0.27,10.41
23344,12335,libre,2,69.33,30.40,0.27,9.88
23344,12345,fijo,2,53.70,45.67,0.63,10.44
23344,12345,libre,2,57.33,42.17,0.50,10.05
23344,12355,fijo,2,55.27,44.07,0.67,10.32
23344,12355,libre,2,55.70,43.97,0.33,9.98
23344,12445,fijo,2,47.60,52.30,0.10,10.37
23344,12445,libre,2,51.33,48.50,0.17,9.92
23344,12455,fijo,2,46.17,53.83,0.00,10.20
23344,12455,libre,2,47.53,52.43,0.03,9.86
23344,13345,fijo,2,48.67,50.93,0.40,10.57
23344,13345,libre,2,53.33,46.40,0.27,10.09
23344,13355,fijo,2,48.67,50.73,0.60,10.50
23344,13355,libre,2,52.07,47.57,0.37,10.04
23344,13445,fijo,2,42.77,57.17,0.07,10.33
23344,13445,libre,2,46.67,53.23,0.10,9.91
23344,13455,fijo,2,41.53,58.47,0.00,10.16
23344,13455,libre,2,44.13,55.87,0.00,9.84
23344,14455,fijo,2,34.33,65.67,0.00,10.11
23344,14455,libre,2,39.53,60.47,0.00,9.78
