white,black,pieza,casilla,respuestas,ganan,tablas,pierden,plies,gana1,gana2,sindef
12345,23446,1,esquina,32,1,0,31,10,53.5,46.4,0.1
12345,23446,2,esquina,32,1,0,31,10,52.9,47.0,0.1
12345,23446,4,centro,32,4,0,28,12,52.6,46.9,0.5
12345,23446,3,esquina,32,1,0,31,10,52.3,47.4,0.3
12345,23446,5,esquina,32,2,0,30,10,51.0,48.6,0.4
12345,23446,5,lado,32,1,1,30,10,49.5,50.0,0.5
12345,23446,5,centro,32,8,0,24,10,49.5,49.9,0.6
12345,23446,2,centro,32,4,0,28,12,49.4,50.3,0.3
12345,23446,3,centro,32,4,0,28,12,49.1,50.5,0.4
12345,23446,4,esquina,32,1,0,31,10,49.0,50.4,0.6
12345,23446,1,centro,32,4,0,28,12,47.2,52.6,0.2
12345,23446,4,lado,32,4,4,24,10,44.5,54.9,0.6
12345,23446,3,lado,32,8,0,24,10,42.3,57.2,0.5
12345,23446,2,lado,32,11,0,21,10,42.2,57.4,0.4
12345,23446,1,lado,32,11,0,21,10,41.8,58.0,0.2
13445,22366,1,esquina,24,1,0,23,8,56.4,43.0,0.6
13445,22366,4,centro,24,4,0,20,12,55.9,43.0,1.1
13445,22366,4,esquina,24,1,0,23,10,55.9,43.1,1.0
13445,22366,3,esquina,24,1,0,23,8,54.7,44.7,0.6
13445,22366,3,centro,24,4,0,20,12,54.3,45.3,0.4
13445,22366,5,esquina,24,1,0,23,10,53.4,46.0,0.6
13445,22366,4,lado,24,7,0,17,10,53.1,45.9,1.0
13445,22366,5,centro,24,4,0,20,12,52.3,47.0,0.7
13445,22366,1,centro,24,4,0,20,12,52.2,46.1,1.7
13445,22366,5,lado,24,7,0,17,10,48.5,50.2,1.3
13445,22366,3,lado,24,9,2,13,8,47.7,51.4,0.9
13445,22366,1,lado,24,12,0,12,8,43.6,55.5,0.9
13455,22366,1,esquina,24,1,0,23,8,57.3,42.2,0.5
13455,22366,5,esquina,24,1,0,23,10,56.0,43.2,0.8
13455,22366,5,centro,24,4,0,20,12,55.9,42.8,1.3
13455,22366,3,esquina,24,1,0,23,8,54.8,44.6,0.6
13455,22366,3,centro,24,4,0,20,12,54.3,45.6,0.1
13455,22366,4,esquina,24,1,0,23,10,53.4,46.0,0.6
13455,22366,5,lado,24,7,0,17,10,53.3,45.5,1.2
13455,22366,4,centro,24,4,0,20,12,52.2,47.0,0.8
13455,22366,1,centro,24,4,0,20,12,49.9,48.9,1.2
13455,22366,4,lado,24,7,0,17,10,48.1,50.4,1.5
13455,22366,3,lado,24,9,2,13,8,47.3,51.9,0.8
13455,22366,1,lado,24,12,0,12,8,43.8,55.8,0.4
14455,22366,5,esquina,24,1,0,23,10,57.1,42.2,0.7
14455,22366,1,esquina,24,1,0,23,8,56.7,42.7,0.6
14455,22366,4,esquina,24,1,0,23,10,56.1,43.3,0.6
14455,22366,4,centro,24,4,0,20,12,55.7,43.7,0.6
14455,22366,5,centro,24,4,0,20,12,54.8,44.5,0.7
14455,22366,5,lado,24,7,0,17,10,51.4,47.5,1.1
14455,22366,4,lado,24,7,0,17,10,50.0,48.6,1.4
14455,22366,1,centro,24,4,0,20,12,49.9,47.9,2.2
14455,22366,1,lado,24,12,0,12,8,43.1,56.2,0.7
14455,23366,1,esquina,24,1,0,23,8,56.8,42.4,0.8
14455,23366,4,centro,24,4,0,20,12,56.5,42.6,0.9
14455,23366,5,esquina,24,1,0,23,10,56.4,43.1,0.5
14455,23366,5,centro,24,4,0,20,12,55.5,43.7,0.8
14455,23366,4,esquina,24,1,0,23,10,55.5,43.7,0.8
14455,23366,5,lado,24,7,0,17,10,52.7,46.1,1.2
14455,23366,1,centro,24,4,0,20,12,51.7,46.1,2.2
14455,23366,4,lado,24,7,0,17,10,50.0,48.2,1.8
14455,23366,1,lado,24,12,0,12,8,43.8,55.1,1.1
14455,23466,4,esquina,32,1,0,31,8,56.6,42.8,0.6
14455,23466,5,esquina,32,1,0,31,10,55.1,44.3,0.6
14455,23466,4,centro,32,4,0,28,12,55.1,44.0,0.9
14455,23466,1,esquina,32,1,0,31,8,54.5,45.0,0.5
14455,23466,5,centro,32,4,0,28,10,54.1,45.5,0.4
14455,23466,5,lado,32,9,2,21,10,48.1,51.2,0.7
14455,23466,4,lado,32,11,2,19,8,47.8,51.4,0.8
14455,23466,1,centro,32,4,0,28,12,46.3,52.8,0.9
14455,23466,1,lado,32,15,0,17,8,45.5,53.5,1.0
22445,13356,4,esquina,32,2,0,30,10,58.4,40.3,1.3
22445,13356,2,esquina,32,2,0,30,8,55.8,43.1,1.1
22445,13356,4,centro,32,8,0,24,12,54.2,45.3,0.5
22445,13356,5,centro,32,4,0,28,12,50.6,48.3,1.1
22445,13356,2,centro,32,8,0,24,12,50.4,48.7,0.9
22445,13356,4,lado,32,6,0,26,10,50.1,49.2,0.7
22445,13356,5,esquina,32,2,0,30,10,50.1,49.5,0.4
22445,13356,5,lado,32,8,2,22,10,49.2,50.1,0.7
22445,13356,2,lado,32,10,2,20,8,45.6,53.4,1.0
22445,13366,2,esquina,24,1,0,23,8,55.9,43.5,0.6
22445,13366,4,centro,24,4,0,20,12,55.2,44.0,0.8
22445,13366,4,esquina,24,1,0,23,10,54.4,43.9,1.7
22445,13366,5,centro,24,4,0,20,12,53.2,46.4,0.4
22445,13366,5,esquina,24,1,0,23,10,52.1,47.5,0.4
22445,13366,2,centro,24,4,0,20,12,50.9,48.0,1.1
22445,13366,4,lado,24,7,0,17,10,49.4,49.4,1.2
22445,13366,5,lado,24,7,0,17,10,47.9,51.3,0.8
22445,13366,2,lado,24,11,0,13,8,44.5,54.8,0.7
22455,13366,2,esquina,24,1,0,23,8,56.5,43.3,0.2
22455,13366,5,centro,24,4,0,20,12,54.5,44.8,0.7
22455,13366,5,esquina,24,1,0,23,10,54.0,44.6,1.4
22455,13366,4,centro,24,4,0,20,12,52.9,46.6,0.5
22455,13366,4,esquina,24,1,0,23,10,52.1,47.5,0.4
22455,13366,2,centro,24,4,0,20,12,51.1,47.3,1.6
22455,13366,5,lado,24,7,0,17,10,50.0,48.9,1.1
22455,13366,4,lado,24,7,0,17,10,48.0,51.3,0.7
22455,13366,2,lado,24,11,0,13,8,42.8,56.5,0.7
22455,13466,2,esquina,32,1,0,31,8,56.4,42.9,0.7
22455,13466,5,esquina,32,1,0,31,10,55.5,43.4,1.1
22455,13466,5,centro,32,4,0,28,10,54.3,44.7,1.0
22455,13466,4,esquina,32,1,0,31,8,53.3,45.9,0.8
22455,13466,5,lado,32,9,2,21,10,50.6,48.9,0.5
22455,13466,4,centro,32,4,0,28,12,50.0,49.2,0.8
22455,13466,2,centro,32,4,0,28,12,48.5,50.1,1.4
22455,13466,4,lado,32,11,2,19,8,46.9,52.2,0.9
22455,13466,2,lado,32,14,0,18,8,43.3,55.7,1.0
23345,12466,3,esquina,32,1,0,31,8,57.1,42.5,0.4
23345,12466,2,esquina,32,1,0,31,8,56.2,43.5,0.3
23345,12466,4,esquina,32,1,0,31,8,55.1,44.7,0.2
23345,12466,5,esquina,32,2,0,30,8,54.1,45.5,0.4
23345,12466,3,centro,32,4,0,28,10,53.2,45.9,0.9
23345,12466,2,centro,32,4,0,28,10,53.0,46.6,0.4
23345,12466,4,centro,32,4,0,28,10,52.1,47.7,0.2
23345,12466,5,centro,32,12,0,20,10,51.6,48.0,0.4
23345,12466,5,lado,32,13,2,17,8,47.6,52.0,0.4
23345,12466,3,lado,32,12,1,19,8,46.7,52.8,0.5
23345,12466,4,lado,32,12,1,19,8,46.4,53.1,0.5
23345,12466,2,lado,32,14,0,18,8,46.0,53.7,0.3
23355,12466,5,esquina,32,1,0,31,10,57.2,42.1,0.7
23355,12466,3,esquina,32,1,0,31,8,57.2,42.3,0.5
23355,12466,2,esquina,32,1,0,31,8,55.9,43.7,0.4
23355,12466,5,centro,32,4,0,28,10,55.2,44.3,0.5
23355,12466,3,centro,32,4,0,28,12,52.7,46.4,0.9
23355,12466,5,lado,32,9,2,21,10,50.2,49.0,0.8
23355,12466,2,centro,32,4,0,28,12,49.7,50.0,0.3
23355,12466,2,lado,32,14,0,18,8,47.5,51.5,1.0
23355,12466,3,lado,32,12,1,19,8,46.2,52.7,1.1
23445,12466,4,centro,32,4,0,28,10,57.7,42.0,0.3
23445,12466,3,esquina,32,1,0,31,8,57.7,41.9,0.4
23445,12466,2,esquina,32,1,0,31,8,57.3,42.4,0.3
23445,12466,4,esquina,32,1,0,31,8,56.9,42.6,0.5
23445,12466,5,esquina,32,2,0,30,8,55.1,44.6,0.3
23445,12466,2,centro,32,4,0,28,10,52.9,46.5,0.6
23445,12466,3,centro,32,4,0,28,10,51.8,48.0,0.2
23445,12466,5,centro,32,12,0,20,10,51.2,48.2,0.6
23445,12466,5,lado,32,13,2,17,8,49.9,49.5,0.6
23445,12466,4,lado,32,12,1,19,8,49.1,50.6,0.3
23445,12466,2,lado,32,14,0,18,8,46.7,52.4,0.9
23445,12466,3,lado,32,12,1,19,8,46.5,52.7,0.8
23455,12356,5,centro,40,4,0,36,12,64.8,33.9,1.3
23455,12356,2,esquina,40,2,0,38,8,62.8,36.6,0.6
23455,12356,5,esquina,40,2,0,38,10,61.7,37.2,1.1
23455,12356,4,esquina,40,2,0,38,10,61.4,37.6,1.0
23455,12356,3,esquina,40,2,0,38,8,60.7,38.6,0.7
23455,12356,5,lado,40,8,0,32,10,58.1,41.4,0.5
23455,12356,3,centro,40,4,4,32,12,58.0,41.2,0.8
23455,12356,2,centro,40,4,4,32,12,56.8,42.4,0.8
23455,12356,4,centro,40,8,0,32,12,56.2,43.4,0.4
23455,12356,4,lado,40,2,0,38,10,53.7,45.5,0.8
23455,12356,3,lado,40,10,2,28,8,52.8,46.1,1.1
23455,12356,2,lado,40,11,4,25,8,49.9,49.5,0.6
23455,12456,5,centro,40,4,0,36,12,61.8,37.7,0.5
23455,12456,2,esquina,40,2,0,38,8,58.0,41.2,0.8
23455,12456,5,esquina,40,2,0,38,10,57.1,41.5,1.4
23455,12456,4,esquina,40,2,0,38,8,56.9,42.9,0.2
23455,12456,3,esquina,40,2,0,38,8,56.7,42.4,0.9
23455,12456,5,lado,40,8,0,32,10,54.8,44.8,0.4
23455,12456,4,centro,40,8,0,32,12,52.6,46.8,0.6
23455,12456,2,centro,40,8,0,32,12,52.3,47.1,0.6
23455,12456,3,centro,40,8,0,32,12,51.0,48.5,0.5
23455,12456,4,lado,40,10,2,28,8,48.8,50.5,0.7
23455,12456,3,lado,40,10,2,28,8,47.1,52.5,0.4
23455,12456,2,lado,40,13,2,25,8,46.2,53.2,0.6
23455,12466,2,esquina,32,1,0,31,8,60.5,38.9,0.6
23455,12466,3,esquina,32,1,0,31,8,59.9,39.6,0.5
23455,12466,5,esquina,32,1,0,31,10,59.1,40.0,0.9
23455,12466,4,esquina,32,1,0,31,8,58.7,40.8,0.5
23455,12466,5,centro,32,4,0,28,10,57.7,41.9,0.4
23455,12466,2,centro,32,4,0,28,12,56.8,42.5,0.7
23455,12466,4,centro,32,4,0,28,12,54.9,44.5,0.6
23455,12466,3,centro,32,4,0,28,12,53.4,45.8,0.8
23455,12466,5,lado,32,9,2,21,10,52.8,47.0,0.2
23455,12466,4,lado,32,11,2,19,8,48.4,50.8,0.8
23455,12466,2,lado,32,14,0,18,8,47.9,51.5,0.6
23455,12466,3,lado,32,12,1,19,8,47.4,51.7,0.9
23455,13466,2,esquina,32,1,0,31,8,58.3,41.3,0.4
23455,13466,3,esquina,32,1,0,31,8,57.1,42.0,0.9
23455,13466,5,esquina,32,1,0,31,10,56.2,43.4,0.4
23455,13466,4,esquina,32,1,0,31,8,55.2,44.0,0.8
23455,13466,5,centro,32,4,0,28,10,54.0,45.6,0.4
23455,13466,3,centro,32,4,0,28,12,53.5,45.7,0.8
23455,13466,4,centro,32,4,0,28,12,53.2,46.3,0.5
23455,13466,5,lado,32,9,2,21,10,50.3,49.2,0.5
23455,13466,2,centro,32,4,0,28,12,49.7,49.0,1.3
23455,13466,4,lado,32,11,2,19,8,45.5,53.7,0.8
23455,13466,3,lado,32,14,0,18,8,45.0,54.2,0.8
23455,13466,2,lado,32,14,0,18,8,43.9,55.3,0.8
33445,12456,4,esquina,40,2,0,38,8,55.1,44.6,0.3
33445,12456,5,centro,40,12,0,28,10,52.5,47.2,0.3
33445,12456,3,esquina,40,2,0,38,8,52.4,46.4,1.2
33445,12456,4,centro,40,8,0,32,10,51.8,48.0,0.2
33445,12456,5,esquina,40,3,0,37,8,50.7,48.8,0.5
33445,12456,3,centro,40,8,0,32,10,49.2,50.0,0.8
33445,12456,5,lado,40,14,4,22,8,47.7,52.1,0.2
33445,12456,4,lado,40,11,1,28,8,46.6,52.9,0.5
33445,12456,3,lado,40,12,1,27,8,44.5,55.1,0.4
